transaction_id,customer_id,region,amount,product
T0001,C00321,R023,6861,Espresso
T0001,C00321,R023,9704,Muffin
T0001,C00321,R023,9577,Mocha
T0002,C00831,R010,9938,Scone
T0002,C00831,R010,8280,Latte
T0003,C00295,R015,3450,Espresso
T0003,C00295,R015,6785,Sandwich
T0003,C00295,R015,9034,Bagel
T0004,C00910,R025,6073,Sandwich
T0004,C00910,R025,5101,Muffin
T0004,C00910,R025,10665,Cappuccino
T0005,C00652,R014,3981,Croissant
T0005,C00652,R014,11569,Cappuccino
T0006,C00632,R028,4580,Muffin
T0006,C00632,R028,8891,Latte
T0006,C00632,R028,10898,Espresso
T0007,C00815,R001,11194,Muffin
T0007,C00815,R001,8063,Sandwich
T0008,C00087,R012,9481,Espresso
T0008,C00087,R012,5964,Mocha
T0009,C00736,R018,9261,Espresso
T0009,C00736,R018,9981,Sandwich
T0010,C00839,R021,4060,Croissant
T0010,C00839,R021,11500,Scone
T0010,C00839,R021,11823,Mocha
T0011,C00345,R014,7355,Bagel
T0011,C00345,R014,5247,Espresso
T0011,C00345,R014,4527,Cappuccino
T0012,C00444,R021,7199,Scone
T0012,C00444,R021,9828,Sandwich
T0012,C00444,R021,10834,Croissant
T0013,C00312,R003,6239,Espresso
T0013,C00312,R003,8692,Sandwich
T0013,C00312,R003,5134,Scone
T0014,C00822,R017,9054,Croissant
T0014,C00822,R017,5460,Espresso
T0015,C00228,R010,11535,Sandwich
T0015,C00228,R010,6117,Cappuccino
T0016,C00757,R025,7500,Latte
T0016,C00757,R025,11567,Muffin
T0017,C00171,R008,5770,Cappuccino
T0017,C00171,R008,5259,Espresso
T0018,C00280,R008,10402,Americano
T0018,C00280,R008,10877,Mocha
T0019,C00603,R016,11369,Croissant
T0019,C00603,R016,8063,Americano
T0020,C00418,R028,7713,Mocha
T0020,C00418,R028,9466,Croissant
T0021,C00555,R026,7332,Sandwich
T0021,C00555,R026,6334,Latte
T0022,C00059,R009,9019,Americano
T0022,C00059,R009,3250,Latte
T0023,C00657,R006,8988,Bagel
T0023,C00657,R006,7427,Croissant
T0024,C00596,R007,11579,Latte
T0024,C00596,R007,8127,Cappuccino
T0024,C00596,R007,10963,Scone
T0025,C00503,R016,11129,Mocha
T0025,C00503,R016,11790,Bagel
T0026,C00336,R015,8444,Mocha
T0026,C00336,R015,5252,Americano
T0026,C00336,R015,3917,Cappuccino
T0027,C00866,R004,5191,Latte
T0027,C00866,R004,6389,Bagel
T0027,C00866,R004,7606,Croissant
T0028,C00621,R001,4808,Muffin
T0028,C00621,R001,6176,Scone
T0028,C00621,R001,3677,Espresso
T0029,C00158,R020,11457,Espresso
T0029,C00158,R020,9885,Americano
T0029,C00158,R020,6277,Sandwich
T0030,C00847,R005,5753,Americano
T0030,C00847,R005,11918,Scone
T0030,C00847,R005,5410,Muffin
T0031,C00100,R004,11873,Scone
T0031,C00100,R004,5021,Croissant
T0032,C00302,R006,9456,Scone
T0032,C00302,R006,11312,Mocha
T0033,C00750,R008,9120,Sandwich
T0033,C00750,R008,11241,Americano
T0033,C00750,R008,11985,Mocha
T0034,C00594,R014,10243,Sandwich
T0034,C00594,R014,5486,Latte
T0035,C00132,R028,3756,Croissant
T0035,C00132,R028,9964,Mocha
T0036,C00918,R022,4348,Sandwich
T0036,C00918,R022,5750,Scone
T0037,C00432,R003,9162,Bagel
T0037,C00432,R003,4913,Sandwich
T0038,C00764,R007,4773,Croissant
T0038,C00764,R007,11307,Espresso
T0039,C00736,R016,7638,Sandwich
T0039,C00736,R016,7137,Bagel
T0040,C00670,R027,10796,Cappuccino
T0040,C00670,R027,6566,Scone
T0040,C00670,R027,3694,Muffin
T0041,C00109,R012,9212,Scone
T0041,C00109,R012,8828,Cappuccino
T0042,C00419,R011,7919,Americano
T0042,C00419,R011,11851,Espresso
T0043,C00986,R021,3017,Cappuccino
T0043,C00986,R021,10586,Scone
T0043,C00986,R021,5855,Mocha
T0044,C00139,R008,3460,Sandwich
T0044,C00139,R008,9381,Espresso
T0044,C00139,R008,6879,Scone
T0045,C00202,R013,10479,Bagel
T0045,C00202,R013,9104,Latte
T0046,C00593,R021,7821,Bagel
T0046,C00593,R021,6318,Muffin
T0047,C00013,R015,11529,Latte
T0047,C00013,R015,7142,Sandwich
T0047,C00013,R015,9060,Bagel
T0048,C00082,R016,6487,Muffin
T0048,C00082,R016,10902,Croissant
T0049,C00273,R024,6630,Mocha
T0049,C00273,R024,9776,Bagel
T0049,C00273,R024,6515,Croissant
T0050,C00421,R002,5935,Americano
T0050,C00421,R002,5576,Latte
T0050,C00421,R002,11163,Mocha
T0051,C00522,R006,8285,Bagel
T0051,C00522,R006,5660,Croissant
T0051,C00522,R006,4517,Scone
T0052,C00624,R002,9409,Americano
T0052,C00624,R002,5142,Bagel
T0053,C00910,R024,11906,Scone
T0053,C00910,R024,10747,Sandwich
T0054,C00442,R027,11339,Scone
T0054,C00442,R027,6901,Latte
T0055,C00707,R006,5624,Bagel
T0055,C00707,R006,6561,Latte
T0055,C00707,R006,4391,Espresso
T0056,C00466,R027,5840,Latte
T0056,C00466,R027,10391,Cappuccino
T0057,C00534,R022,10316,Scone
T0057,C00534,R022,9907,Sandwich
T0057,C00534,R022,11586,Espresso
T0058,C00283,R016,10605,Cappuccino
T0058,C00283,R016,4152,Bagel
T0059,C00147,R002,10873,Bagel
T0059,C00147,R002,5923,Scone
T0060,C00904,R023,4608,Mocha
T0060,C00904,R023,5319,Muffin
T0060,C00904,R023,10604,Scone
T0061,C00990,R013,5432,Cappuccino
T0061,C00990,R013,6326,Bagel
T0062,C00384,R020,5238,Espresso
T0062,C00384,R020,11491,Cappuccino
T0063,C00639,R008,3452,Scone
T0063,C00639,R008,4925,Americano
T0063,C00639,R008,7585,Espresso
T0064,C00454,R012,3963,Scone
T0064,C00454,R012,10571,Espresso
T0064,C00454,R012,4565,Latte
T0065,C00905,R022,8575,Bagel
T0065,C00905,R022,7789,Mocha
T0066,C00475,R008,4616,Latte
T0066,C00475,R008,10032,Americano
T0066,C00475,R008,3529,Scone
T0067,C00755,R007,7573,Latte
T0067,C00755,R007,4717,Cappuccino
T0068,C00360,R012,6145,Cappuccino
T0068,C00360,R012,6998,Latte
T0068,C00360,R012,9178,Scone
T0069,C00486,R024,10127,Espresso
T0069,C00486,R024,3795,Mocha
T0069,C00486,R024,7608,Croissant
T0070,C00320,R001,11200,Muffin
T0070,C00320,R001,5397,Latte
T0070,C00320,R001,6473,Croissant
T0071,C00854,R028,8097,Cappuccino
T0071,C00854,R028,5615,Mocha
T0071,C00854,R028,7083,Espresso
T0072,C00656,R016,9223,Bagel
T0072,C00656,R016,11721,Cappuccino
T0072,C00656,R016,3179,Scone
T0073,C00199,R021,9687,Espresso
T0073,C00199,R021,6732,Mocha
T0073,C00199,R021,6451,Americano
T0074,C00283,R012,5903,Scone
T0074,C00283,R012,6080,Espresso
T0074,C00283,R012,5591,Latte
T0075,C00955,R013,10645,Croissant
T0075,C00955,R013,3786,Bagel
T0075,C00955,R013,8985,Latte
T0076,C00467,R017,10754,Sandwich
T0076,C00467,R017,9237,Cappuccino
T0076,C00467,R017,11977,Espresso
T0077,C00436,R003,6569,Mocha
T0077,C00436,R003,8586,Sandwich
T0077,C00436,R003,4190,Cappuccino
T0078,C00322,R004,4978,Cappuccino
T0078,C00322,R004,10609,Scone
T0079,C00715,R003,6186,Muffin
T0079,C00715,R003,4645,Latte
T0080,C00674,R002,3477,Latte
T0080,C00674,R002,9465,Espresso
T0081,C00759,R027,5664,Espresso
T0081,C00759,R027,8047,Scone
T0081,C00759,R027,3552,Latte
T0082,C00417,R003,4487,Latte
T0082,C00417,R003,5190,Muffin
T0082,C00417,R003,6284,Espresso
T0083,C00684,R001,7193,Latte
T0083,C00684,R001,7428,Bagel
T0083,C00684,R001,4348,Croissant
T0084,C00426,R021,3867,Scone
T0084,C00426,R021,9930,Espresso
T0084,C00426,R021,4370,Americano
T0085,C00527,R026,6232,Scone
T0085,C00527,R026,4267,Cappuccino
T0086,C00818,R008,11638,Espresso
T0086,C00818,R008,4349,Cappuccino
T0086,C00818,R008,8130,Bagel
T0087,C00515,R028,5783,Croissant
T0087,C00515,R028,5550,Bagel
T0088,C00402,R021,4002,Latte
T0088,C00402,R021,4561,Muffin
T0089,C00599,R017,9738,Latte
T0089,C00599,R017,8859,Cappuccino
T0090,C00486,R010,7659,Muffin
T0090,C00486,R010,5488,Bagel
T0091,C00665,R019,9914,Mocha
T0091,C00665,R019,11967,Latte
T0091,C00665,R019,3107,Americano
T0092,C00531,R005,8038,Cappuccino
T0092,C00531,R005,7749,Espresso
T0092,C00531,R005,10936,Sandwich
T0093,C00782,R026,9688,Croissant
T0093,C00782,R026,9162,Espresso
T0093,C00782,R026,11555,Scone
T0094,C00374,R022,7297,Croissant
T0094,C00374,R022,6343,Americano
T0094,C00374,R022,10803,Cappuccino
T0095,C00189,R014,4386,Cappuccino
T0095,C00189,R014,10769,Sandwich
T0096,C00291,R012,5823,Scone
T0096,C00291,R012,10969,Mocha
T0097,C00252,R028,9282,Americano
T0097,C00252,R028,5604,Croissant
T0097,C00252,R028,8141,Cappuccino
T0098,C00281,R004,8195,Latte
T0098,C00281,R004,9691,Bagel
T0099,C00406,R005,3428,Scone
T0099,C00406,R005,10998,Bagel
T0100,C00940,R018,9952,Bagel
T0100,C00940,R018,5836,Croissant
T0100,C00940,R018,6980,Sandwich
T0101,C00080,R005,5743,Americano
T0101,C00080,R005,10306,Espresso
T0102,C00374,R002,3506,Croissant
T0102,C00374,R002,8951,Sandwich
T0103,C00929,R014,4893,Espresso
T0103,C00929,R014,10408,Cappuccino
T0104,C00293,R010,9774,Latte
T0104,C00293,R010,7331,Muffin
T0104,C00293,R010,7242,Espresso
T0105,C00280,R018,5285,Scone
T0105,C00280,R018,11677,Espresso
T0106,C00180,R010,8982,Muffin
T0106,C00180,R010,6967,Espresso
T0107,C00324,R003,6084,Scone
T0107,C00324,R003,9595,Espresso
T0107,C00324,R003,10158,Croissant
T0108,C00622,R013,10795,Scone
T0108,C00622,R013,9792,Sandwich
T0108,C00622,R013,8088,Bagel
T0109,C00289,R001,10430,Mocha
T0109,C00289,R001,11513,Sandwich
T0110,C00633,R016,10024,Croissant
T0110,C00633,R016,3828,Latte
T0110,C00633,R016,11241,Americano
T0111,C00837,R020,7115,Latte
T0111,C00837,R020,4802,Cappuccino
T0111,C00837,R020,5023,Scone
T0112,C00904,R027,5951,Scone
T0112,C00904,R027,9891,Americano
T0112,C00904,R027,6846,Latte
T0113,C00115,R007,10820,Americano
T0113,C00115,R007,5187,Cappuccino
T0113,C00115,R007,6584,Sandwich
T0114,C00912,R014,3775,Muffin
T0114,C00912,R014,8726,Cappuccino
T0115,C00744,R005,3214,Latte
T0115,C00744,R005,3588,Americano
T0116,C00412,R030,10486,Sandwich
T0116,C00412,R030,7896,Cappuccino
T0116,C00412,R030,9222,Latte
T0117,C00853,R003,10678,Scone
T0117,C00853,R003,4440,Latte
T0118,C00125,R003,6215,Muffin
T0118,C00125,R003,6210,Americano
T0119,C00949,R021,8842,Scone
T0119,C00949,R021,7349,Espresso
T0119,C00949,R021,5525,Latte
T0120,C00620,R012,8887,Latte
T0120,C00620,R012,7989,Scone
T0120,C00620,R012,5034,Cappuccino
T0121,C00486,R023,6482,Scone
T0121,C00486,R023,5328,Americano
T0122,C00366,R027,6349,Scone
T0122,C00366,R027,10011,Latte
T0122,C00366,R027,5349,Espresso
T0123,C00127,R023,10896,Cappuccino
T0123,C00127,R023,11833,Croissant
T0123,C00127,R023,8386,Espresso
T0124,C00651,R027,3525,Muffin
T0124,C00651,R027,10055,Espresso
T0125,C00565,R013,11872,Scone
T0125,C00565,R013,8229,Espresso
T0126,C00834,R009,6498,Mocha
T0126,C00834,R009,9302,Espresso
T0127,C00419,R005,8567,Latte
T0127,C00419,R005,7428,Croissant
T0128,C00250,R015,6728,Muffin
T0128,C00250,R015,10249,Cappuccino
T0128,C00250,R015,9650,Sandwich
T0129,C00723,R030,3079,Croissant
T0129,C00723,R030,7128,Bagel
T0130,C00472,R012,11528,Sandwich
T0130,C00472,R012,5173,Scone
T0130,C00472,R012,9148,Bagel
T0131,C00805,R023,10801,Scone
T0131,C00805,R023,5654,Bagel
T0131,C00805,R023,8551,Muffin
T0132,C00539,R023,8035,Americano
T0132,C00539,R023,5508,Cappuccino
T0133,C00531,R003,9483,Muffin
T0133,C00531,R003,3606,Sandwich
T0134,C00521,R025,10005,Latte
T0134,C00521,R025,11031,Cappuccino
T0135,C00186,R021,11812,Bagel
T0135,C00186,R021,11492,Latte
T0136,C00171,R024,10691,Latte
T0136,C00171,R024,5688,Espresso
T0136,C00171,R024,4480,Cappuccino
T0137,C00447,R025,4245,Sandwich
T0137,C00447,R025,7139,Mocha
T0137,C00447,R025,3872,Muffin
T0138,C00440,R027,3821,Sandwich
T0138,C00440,R027,7248,Americano
T0139,C00836,R028,3787,Bagel
T0139,C00836,R028,11104,Croissant
T0140,C00061,R008,10574,Americano
T0140,C00061,R008,6411,Cappuccino
T0140,C00061,R008,10277,Croissant
T0141,C00875,R005,7943,Bagel
T0141,C00875,R005,3626,Latte
T0142,C00456,R018,9899,Espresso
T0142,C00456,R018,10440,Scone
T0143,C00116,R030,6502,Espresso
T0143,C00116,R030,8801,Muffin
T0143,C00116,R030,7304,Mocha
T0144,C00078,R017,5431,Latte
T0144,C00078,R017,7451,Scone
T0144,C00078,R017,6763,Mocha
T0145,C00665,R008,7247,Sandwich
T0145,C00665,R008,11849,Bagel
T0146,C00724,R015,10607,Espresso
T0146,C00724,R015,10820,Sandwich
T0147,C00443,R027,9059,Bagel
T0147,C00443,R027,5319,Scone
T0148,C00356,R010,3188,Muffin
T0148,C00356,R010,7295,Croissant
T0148,C00356,R010,3359,Bagel
T0149,C00665,R022,7698,Sandwich
T0149,C00665,R022,9714,Scone
T0149,C00665,R022,6381,Croissant
T0150,C00651,R026,4314,Sandwich
T0150,C00651,R026,9278,Croissant
T0151,C00825,R030,8171,Sandwich
T0151,C00825,R030,11591,Bagel
T0152,C00497,R008,9326,Croissant
T0152,C00497,R008,3266,Cappuccino
T0152,C00497,R008,4140,Sandwich
T0153,C00673,R009,10127,Scone
T0153,C00673,R009,9720,Sandwich
T0153,C00673,R009,3120,Muffin
T0154,C00030,R025,8027,Cappuccino
T0154,C00030,R025,5241,Mocha
T0154,C00030,R025,3079,Latte
T0155,C00110,R019,4937,Mocha
T0155,C00110,R019,11500,Cappuccino
T0155,C00110,R019,9748,Croissant
T0156,C00459,R028,11824,Americano
T0156,C00459,R028,4778,Muffin
T0157,C00134,R008,7342,Cappuccino
T0157,C00134,R008,11366,Scone
T0158,C00819,R016,10211,Muffin
T0158,C00819,R016,5638,Cappuccino
T0159,C00298,R028,4530,Latte
T0159,C00298,R028,9909,Muffin
T0160,C00298,R030,6302,Americano
T0160,C00298,R030,7388,Latte
T0161,C00925,R026,4672,Latte
T0161,C00925,R026,7356,Mocha
T0162,C00781,R024,5564,Sandwich
T0162,C00781,R024,9722,Muffin
T0163,C00302,R029,3090,Americano
T0163,C00302,R029,8025,Bagel
T0164,C00162,R022,5218,Muffin
T0164,C00162,R022,4141,Latte
T0164,C00162,R022,3953,Mocha
T0165,C00272,R011,7991,Mocha
T0165,C00272,R011,7264,Americano
T0166,C00013,R024,8125,Bagel
T0166,C00013,R024,4462,Latte
T0167,C00154,R025,9347,Croissant
T0167,C00154,R025,5079,Mocha
T0167,C00154,R025,5855,Espresso
T0168,C00107,R003,4422,Cappuccino
T0168,C00107,R003,11546,Sandwich
T0168,C00107,R003,10367,Scone
T0169,C00398,R027,4927,Cappuccino
T0169,C00398,R027,4138,Mocha
T0169,C00398,R027,11760,Sandwich
T0170,C00382,R019,4040,Espresso
T0170,C00382,R019,3368,Americano
T0170,C00382,R019,11218,Bagel
T0171,C00854,R026,3197,Sandwich
T0171,C00854,R026,11165,Muffin
T0172,C00582,R001,11033,Mocha
T0172,C00582,R001,11170,Bagel
T0173,C00433,R018,8396,Croissant
T0173,C00433,R018,4332,Bagel
T0173,C00433,R018,3511,Latte
T0174,C00733,R020,10107,Scone
T0174,C00733,R020,8210,Bagel
T0174,C00733,R020,5398,Croissant
T0175,C00027,R011,10331,Bagel
T0175,C00027,R011,4458,Sandwich
T0175,C00027,R011,7902,Scone
T0176,C00596,R019,11654,Cappuccino
T0176,C00596,R019,3162,Sandwich
T0177,C00915,R009,8227,Bagel
T0177,C00915,R009,6534,Espresso
T0178,C00424,R003,9004,Sandwich
T0178,C00424,R003,4358,Muffin
T0178,C00424,R003,4973,Latte
T0179,C00494,R017,6485,Mocha
T0179,C00494,R017,6542,Bagel
T0180,C00385,R024,4579,Muffin
T0180,C00385,R024,5547,Sandwich
T0181,C00147,R010,10961,Mocha
T0181,C00147,R010,11298,Scone
T0182,C00387,R029,9343,Latte
T0182,C00387,R029,8196,Sandwich
T0183,C00181,R008,5054,Mocha
T0183,C00181,R008,11191,Croissant
T0184,C00869,R027,9179,Bagel
T0184,C00869,R027,10127,Latte
T0184,C00869,R027,11548,Sandwich
T0185,C00436,R020,5686,Muffin
T0185,C00436,R020,8469,Mocha
T0185,C00436,R020,9016,Scone
T0186,C00626,R021,9246,Latte
T0186,C00626,R021,3606,Americano
T0186,C00626,R021,11628,Espresso
T0187,C00135,R009,7960,Sandwich
T0187,C00135,R009,7993,Mocha
T0188,C00566,R016,11542,Muffin
T0188,C00566,R016,4879,Latte
T0189,C00360,R006,8755,Bagel
T0189,C00360,R006,9899,Sandwich
T0190,C00977,R026,4899,Mocha
T0190,C00977,R026,7203,Americano
T0190,C00977,R026,7575,Scone
T0191,C00370,R022,8892,Bagel
T0191,C00370,R022,11077,Cappuccino
T0192,C00612,R020,5125,Bagel
T0192,C00612,R020,3467,Muffin
T0192,C00612,R020,8779,Cappuccino
T0193,C00023,R029,3959,Sandwich
T0193,C00023,R029,10628,Latte
T0194,C00466,R014,4225,Croissant
T0194,C00466,R014,3839,Sandwich
T0194,C00466,R014,7238,Latte
T0195,C00041,R004,6523,Espresso
T0195,C00041,R004,8786,Americano
T0195,C00041,R004,3303,Bagel
T0196,C00665,R028,7938,Scone
T0196,C00665,R028,8019,Croissant
T0197,C00666,R021,3428,Muffin
T0197,C00666,R021,4815,Scone
T0197,C00666,R021,6359,Mocha
T0198,C00147,R003,8936,Latte
T0198,C00147,R003,3422,Mocha
T0198,C00147,R003,3414,Croissant
T0199,C00811,R016,8449,Muffin
T0199,C00811,R016,5150,Bagel
T0200,C00505,R018,3441,Latte
T0200,C00505,R018,8658,Sandwich
T0201,C00547,R020,3066,Scone
T0201,C00547,R020,4649,Latte
T0202,C00157,R004,6207,Mocha
T0202,C00157,R004,9700,Latte
T0202,C00157,R004,5300,Croissant
T0203,C00834,R013,6826,Muffin
T0203,C00834,R013,4594,Espresso
T0203,C00834,R013,3073,Scone
T0204,C00768,R025,5069,Mocha
T0204,C00768,R025,4938,Latte
T0204,C00768,R025,6309,Espresso
T0205,C00180,R012,7408,Cappuccino
T0205,C00180,R012,8457,Mocha
T0205,C00180,R012,5254,Croissant
T0206,C00899,R030,9011,Bagel
T0206,C00899,R030,11454,Scone
T0207,C00765,R028,5413,Sandwich
T0207,C00765,R028,5868,Americano
T0207,C00765,R028,11452,Muffin
T0208,C00432,R006,8266,Espresso
T0208,C00432,R006,7157,Bagel
T0208,C00432,R006,10828,Latte
T0209,C00905,R007,5186,Sandwich
T0209,C00905,R007,5156,Espresso
T0209,C00905,R007,4530,Latte
T0210,C00405,R027,6465,Latte
T0210,C00405,R027,11679,Bagel
T0210,C00405,R027,4156,Espresso
T0211,C00067,R012,9376,Sandwich
T0211,C00067,R012,10310,Latte
T0211,C00067,R012,4490,Cappuccino
T0212,C00025,R018,5549,Bagel
T0212,C00025,R018,3695,Muffin
T0212,C00025,R018,5580,Sandwich
T0213,C00694,R027,7065,Latte
T0213,C00694,R027,6125,Espresso
T0213,C00694,R027,7566,Muffin
T0214,C00140,R001,11841,Cappuccino
T0214,C00140,R001,10005,Americano
T0215,C00970,R025,9075,Espresso
T0215,C00970,R025,6747,Croissant
T0215,C00970,R025,4675,Mocha
T0216,C00234,R022,3763,Croissant
T0216,C00234,R022,8483,Espresso
T0216,C00234,R022,5080,Americano
T0217,C00766,R024,7857,Cappuccino
T0217,C00766,R024,11408,Scone
T0217,C00766,R024,9857,Muffin
T0218,C00302,R028,5242,Espresso
T0218,C00302,R028,8437,Latte
T0219,C00679,R009,3291,Latte
T0219,C00679,R009,4259,Croissant
T0220,C00359,R012,11987,Scone
T0220,C00359,R012,11466,Espresso
T0220,C00359,R012,5634,Sandwich
T0221,C00702,R005,6798,Espresso
T0221,C00702,R005,11866,Scone
T0222,C00555,R013,11452,Bagel
T0222,C00555,R013,8602,Croissant
T0222,C00555,R013,11455,Mocha
T0223,C00771,R021,11907,Espresso
T0223,C00771,R021,6027,Scone
T0223,C00771,R021,11816,Croissant
T0224,C00755,R029,9974,Americano
T0224,C00755,R029,7300,Bagel
T0225,C00587,R013,8308,Scone
T0225,C00587,R013,3601,Espresso
T0226,C00493,R012,11246,Scone
T0226,C00493,R012,3759,Muffin
T0227,C00965,R007,9610,Sandwich
T0227,C00965,R007,7417,Espresso
T0227,C00965,R007,8580,Mocha
T0228,C00255,R004,3226,Cappuccino
T0228,C00255,R004,8250,Croissant
T0228,C00255,R004,8035,Latte
T0229,C00907,R020,6176,Bagel
T0229,C00907,R020,3614,Muffin
T0229,C00907,R020,7305,Croissant
T0230,C00223,R013,3256,Sandwich
T0230,C00223,R013,6713,Mocha
T0231,C00162,R021,8770,Americano
T0231,C00162,R021,7417,Muffin
T0231,C00162,R021,8345,Scone
T0232,C00444,R028,8920,Croissant
T0232,C00444,R028,10440,Cappuccino
T0233,C00472,R027,6403,Croissant
T0233,C00472,R027,4777,Bagel
T0234,C00083,R025,6576,Croissant
T0234,C00083,R025,5225,Bagel
T0235,C00521,R020,7893,Muffin
T0235,C00521,R020,10261,Latte
T0236,C00096,R024,3236,Cappuccino
T0236,C00096,R024,8765,Americano
T0237,C00018,R018,7087,Americano
T0237,C00018,R018,9339,Sandwich
T0237,C00018,R018,10556,Espresso
T0238,C00654,R016,11581,Scone
T0238,C00654,R016,3920,Muffin
T0238,C00654,R016,7602,Americano
T0239,C00225,R027,10264,Bagel
T0239,C00225,R027,10110,Americano
T0239,C00225,R027,6688,Cappuccino
T0240,C00696,R003,8488,Scone
T0240,C00696,R003,7567,Sandwich
T0241,C00921,R019,10542,Sandwich
T0241,C00921,R019,10260,Americano
T0241,C00921,R019,11715,Mocha
T0242,C00326,R011,11455,Cappuccino
T0242,C00326,R011,3881,Mocha
T0242,C00326,R011,7098,Croissant
T0243,C00563,R003,5764,Sandwich
T0243,C00563,R003,4401,Croissant
T0244,C00351,R016,10010,Bagel
T0244,C00351,R016,11563,Cappuccino
T0244,C00351,R016,4488,Americano
T0245,C00500,R019,3839,Bagel
T0245,C00500,R019,3417,Scone
T0245,C00500,R019,10567,Espresso
T0246,C00383,R029,11020,Sandwich
T0246,C00383,R029,4085,Espresso
T0246,C00383,R029,9548,Bagel
T0247,C00996,R003,11667,Bagel
T0247,C00996,R003,6332,Americano
T0248,C00921,R026,8603,Croissant
T0248,C00921,R026,4371,Bagel
T0248,C00921,R026,5011,Mocha
T0249,C00232,R029,7691,Croissant
T0249,C00232,R029,8972,Espresso
T0249,C00232,R029,8374,Bagel
T0250,C00766,R013,11400,Espresso
T0250,C00766,R013,10643,Sandwich
T0250,C00766,R013,3067,Cappuccino
T0251,C00722,R013,3751,Cappuccino
T0251,C00722,R013,8014,Croissant
T0251,C00722,R013,9284,Americano
T0252,C00947,R012,11266,Cappuccino
T0252,C00947,R012,9375,Espresso
T0253,C00338,R015,11212,Espresso
T0253,C00338,R015,5414,Cappuccino
T0253,C00338,R015,6909,Scone
T0254,C00432,R023,9759,Latte
T0254,C00432,R023,3161,Bagel
T0255,C00389,R002,4027,Scone
T0255,C00389,R002,10724,Cappuccino
T0256,C00436,R022,9695,Mocha
T0256,C00436,R022,4963,Muffin
T0257,C00247,R017,10472,Latte
T0257,C00247,R017,11907,Muffin
T0257,C00247,R017,6989,Americano
T0258,C00736,R028,6582,Bagel
T0258,C00736,R028,4414,Americano
T0258,C00736,R028,5861,Scone
T0259,C00871,R022,11418,Scone
T0259,C00871,R022,5237,Americano
T0259,C00871,R022,5999,Bagel
T0260,C00142,R008,11848,Sandwich
T0260,C00142,R008,3101,Croissant
T0260,C00142,R008,4401,Espresso
T0261,C00919,R005,7172,Latte
T0261,C00919,R005,11041,Sandwich
T0262,C00193,R026,10383,Scone
T0262,C00193,R026,10253,Croissant
T0263,C00948,R022,11820,Croissant
T0263,C00948,R022,11552,Latte
T0263,C00948,R022,10825,Scone
T0264,C00023,R004,6453,Mocha
T0264,C00023,R004,10141,Cappuccino
T0264,C00023,R004,7694,Espresso
T0265,C00248,R028,3769,Croissant
T0265,C00248,R028,7006,Muffin
T0266,C00730,R016,10790,Scone
T0266,C00730,R016,4920,Mocha
T0267,C00641,R001,8709,Americano
T0267,C00641,R001,3452,Bagel
T0268,C00593,R004,11988,Mocha
T0268,C00593,R004,8942,Bagel
T0269,C00491,R026,7985,Muffin
T0269,C00491,R026,8891,Bagel
T0270,C00738,R025,3828,Mocha
T0270,C00738,R025,10947,Espresso
T0271,C00502,R003,8508,Muffin
T0271,C00502,R003,11439,Cappuccino
T0271,C00502,R003,5096,Espresso
T0272,C00125,R022,4709,Muffin
T0272,C00125,R022,10326,Scone
T0273,C00866,R017,8722,Sandwich
T0273,C00866,R017,8206,Americano
T0274,C00594,R028,10184,Scone
T0274,C00594,R028,6091,Bagel
T0274,C00594,R028,7246,Latte
T0275,C00673,R021,6910,Croissant
T0275,C00673,R021,9949,Bagel
T0275,C00673,R021,7452,Cappuccino
T0276,C00767,R021,9508,Sandwich
T0276,C00767,R021,4963,Mocha
T0277,C00685,R006,4102,Espresso
T0277,C00685,R006,7692,Bagel
T0277,C00685,R006,6193,Cappuccino
T0278,C00524,R024,6578,Muffin
T0278,C00524,R024,6871,Bagel
T0279,C00145,R002,9643,Mocha
T0279,C00145,R002,11801,Latte
T0280,C00350,R005,8170,Espresso
T0280,C00350,R005,6089,Americano
T0281,C00108,R017,10783,Mocha
T0281,C00108,R017,4976,Americano
T0281,C00108,R017,6582,Espresso
T0282,C00087,R013,6801,Americano
T0282,C00087,R013,6688,Muffin
T0282,C00087,R013,3825,Cappuccino
T0283,C00070,R004,5885,Sandwich
T0283,C00070,R004,9884,Croissant
T0283,C00070,R004,10329,Muffin
T0284,C00884,R006,3295,Cappuccino
T0284,C00884,R006,3898,Espresso
T0284,C00884,R006,10647,Mocha
T0285,C00583,R006,4674,Espresso
T0285,C00583,R006,11115,Bagel
T0285,C00583,R006,3360,Mocha
T0286,C00468,R025,11283,Croissant
T0286,C00468,R025,8641,Americano
T0286,C00468,R025,7085,Espresso
T0287,C00993,R020,3804,Bagel
T0287,C00993,R020,11136,Cappuccino
T0287,C00993,R020,3291,Muffin
T0288,C00505,R023,11459,Croissant
T0288,C00505,R023,8222,Latte
T0289,C00138,R003,8534,Latte
T0289,C00138,R003,9547,Mocha
T0290,C00408,R030,5711,Bagel
T0290,C00408,R030,8710,Cappuccino
T0290,C00408,R030,6829,Croissant
T0291,C00718,R007,9049,Scone
T0291,C00718,R007,3377,Espresso
T0291,C00718,R007,7232,Muffin
T0292,C00752,R020,11797,Mocha
T0292,C00752,R020,9907,Sandwich
T0292,C00752,R020,9340,Latte
T0293,C00427,R022,8386,Cappuccino
T0293,C00427,R022,11946,Mocha
T0294,C00588,R030,5505,Bagel
T0294,C00588,R030,6395,Scone
T0295,C00997,R008,7476,Scone
T0295,C00997,R008,10486,Espresso
T0296,C00274,R027,10256,Mocha
T0296,C00274,R027,11135,Sandwich
T0296,C00274,R027,7978,Americano
T0297,C00493,R009,11287,Latte
T0297,C00493,R009,3222,Bagel
T0297,C00493,R009,6139,Sandwich
T0298,C00197,R020,4108,Scone
T0298,C00197,R020,5416,Cappuccino
T0299,C00048,R019,9881,Latte
T0299,C00048,R019,4407,Americano
T0299,C00048,R019,11585,Cappuccino
T0300,C00932,R027,9875,Cappuccino
T0300,C00932,R027,8473,Muffin
T0300,C00932,R027,10997,Americano
T0301,C00504,R011,9258,Scone
T0301,C00504,R011,4038,Latte
T0301,C00504,R011,9322,Americano
T0302,C00110,R013,4810,Bagel
T0302,C00110,R013,7021,Espresso
T0303,C00733,R023,8337,Latte
T0303,C00733,R023,8375,Croissant
T0304,C00690,R019,7235,Cappuccino
T0304,C00690,R019,3926,Muffin
T0305,C00087,R014,4162,Mocha
T0305,C00087,R014,6855,Latte
T0306,C00177,R013,4886,Espresso
T0306,C00177,R013,8869,Scone
T0307,C00931,R016,10719,Espresso
T0307,C00931,R016,8272,Bagel
T0308,C00938,R014,3727,Espresso
T0308,C00938,R014,5082,Muffin
T0308,C00938,R014,4322,Latte
T0309,C00620,R020,11422,Latte
T0309,C00620,R020,11820,Croissant
T0310,C00930,R014,7450,Muffin
T0310,C00930,R014,11068,Sandwich
T0310,C00930,R014,4092,Espresso
T0311,C00883,R028,5210,Cappuccino
T0311,C00883,R028,3750,Latte
T0312,C00894,R022,8184,Mocha
T0312,C00894,R022,7022,Scone
T0312,C00894,R022,6353,Espresso
T0313,C00424,R002,6266,Bagel
T0313,C00424,R002,10780,Scone
T0313,C00424,R002,4374,Croissant
T0314,C00877,R006,9543,Croissant
T0314,C00877,R006,9930,Mocha
T0314,C00877,R006,10602,Scone
T0315,C00619,R022,4345,Croissant
T0315,C00619,R022,5024,Sandwich
T0316,C00075,R014,3827,Latte
T0316,C00075,R014,4253,Espresso
T0316,C00075,R014,7361,Croissant
T0317,C00402,R020,7467,Latte
T0317,C00402,R020,4127,Croissant
T0318,C00369,R023,4679,Cappuccino
T0318,C00369,R023,8550,Croissant
T0319,C00255,R027,8028,Croissant
T0319,C00255,R027,4023,Mocha
T0320,C00340,R024,10618,Mocha
T0320,C00340,R024,9294,Sandwich
T0320,C00340,R024,4204,Muffin
T0321,C00209,R015,4587,Croissant
T0321,C00209,R015,7999,Americano
T0321,C00209,R015,3815,Espresso
T0322,C00876,R005,3679,Mocha
T0322,C00876,R005,3384,Muffin
T0322,C00876,R005,9472,Bagel
T0323,C00789,R030,5075,Latte
T0323,C00789,R030,4924,Americano
T0324,C00362,R014,5614,Scone
T0324,C00362,R014,10934,Americano
T0324,C00362,R014,9156,Croissant
T0325,C00314,R011,9338,Americano
T0325,C00314,R011,7631,Scone
T0325,C00314,R011,6663,Sandwich
T0326,C00235,R025,10160,Latte
T0326,C00235,R025,4800,Bagel
T0327,C00427,R011,5026,Scone
T0327,C00427,R011,5289,Bagel
T0328,C00677,R026,7078,Cappuccino
T0328,C00677,R026,9093,Sandwich
T0329,C00869,R006,4622,Bagel
T0329,C00869,R006,10200,Espresso
T0330,C00008,R014,8050,Americano
T0330,C00008,R014,4897,Espresso
T0330,C00008,R014,5137,Cappuccino
T0331,C00058,R007,3854,Latte
T0331,C00058,R007,8164,Cappuccino
T0332,C00598,R007,5195,Bagel
T0332,C00598,R007,3780,Muffin
T0333,C00282,R021,5679,Sandwich
T0333,C00282,R021,4163,Americano
T0333,C00282,R021,11338,Espresso
T0334,C00400,R016,9515,Sandwich
T0334,C00400,R016,6937,Muffin
T0335,C00911,R025,3036,Espresso
T0335,C00911,R025,11605,Muffin
T0335,C00911,R025,5799,Bagel
T0336,C00588,R025,10757,Bagel
T0336,C00588,R025,7457,Muffin
T0337,C00003,R009,8156,Espresso
T0337,C00003,R009,10308,Cappuccino
T0337,C00003,R009,9075,Scone
T0338,C00757,R015,9656,Croissant
T0338,C00757,R015,10592,Scone
T0338,C00757,R015,4750,Latte
T0339,C00105,R024,4964,Bagel
T0339,C00105,R024,9543,Cappuccino
T0339,C00105,R024,5875,Scone
T0340,C00326,R015,3049,Mocha
T0340,C00326,R015,4866,Sandwich
T0340,C00326,R015,7524,Scone
T0341,C00425,R019,11321,Bagel
T0341,C00425,R019,9103,Mocha
T0342,C00085,R011,4417,Espresso
T0342,C00085,R011,11294,Scone
T0342,C00085,R011,10858,Americano
T0343,C00445,R027,11749,Americano
T0343,C00445,R027,10634,Sandwich
T0344,C00684,R012,7832,Mocha
T0344,C00684,R012,9166,Muffin
T0344,C00684,R012,7015,Espresso
T0345,C00792,R025,9635,Bagel
T0345,C00792,R025,8834,Cappuccino
T0346,C00324,R024,4917,Sandwich
T0346,C00324,R024,10430,Latte
T0347,C00163,R016,6027,Cappuccino
T0347,C00163,R016,6584,Muffin
T0347,C00163,R016,3421,Scone
T0348,C00907,R030,5438,Cappuccino
T0348,C00907,R030,9098,Sandwich
T0349,C00073,R026,9981,Croissant
T0349,C00073,R026,10801,Muffin
T0349,C00073,R026,10160,Americano
T0350,C00617,R017,11150,Latte
T0350,C00617,R017,10657,Croissant
T0351,C00718,R019,4942,Muffin
T0351,C00718,R019,9612,Scone
T0351,C00718,R019,7217,Mocha
T0352,C00550,R027,9020,Cappuccino
T0352,C00550,R027,3065,Espresso
T0353,C00718,R003,10863,Muffin
T0353,C00718,R003,6346,Mocha
T0354,C00208,R003,7560,Latte
T0354,C00208,R003,3342,Sandwich
T0354,C00208,R003,9499,Scone
T0355,C00351,R029,5481,Croissant
T0355,C00351,R029,4648,Scone
T0355,C00351,R029,3532,Espresso
T0356,C00594,R021,6059,Mocha
T0356,C00594,R021,7199,Espresso
T0356,C00594,R021,11749,Latte
T0357,C00783,R018,4934,Sandwich
T0357,C00783,R018,9875,Espresso
T0357,C00783,R018,7968,Bagel
T0358,C00564,R005,7154,Sandwich
T0358,C00564,R005,3408,Bagel
T0359,C00704,R006,7066,Scone
T0359,C00704,R006,6717,Espresso
T0360,C00699,R014,5759,Espresso
T0360,C00699,R014,5705,Latte
T0361,C00363,R016,6136,Mocha
T0361,C00363,R016,10934,Bagel
T0362,C00220,R026,11003,Mocha
T0362,C00220,R026,11909,Americano
T0363,C00482,R014,7392,Scone
T0363,C00482,R014,7111,Latte
T0363,C00482,R014,5210,Bagel
T0364,C00534,R029,7112,Croissant
T0364,C00534,R029,6350,Scone
T0365,C00491,R024,3266,Croissant
T0365,C00491,R024,7868,Bagel
T0366,C00565,R021,11174,Americano
T0366,C00565,R021,8319,Bagel
T0366,C00565,R021,9158,Muffin
T0367,C00855,R021,7891,Americano
T0367,C00855,R021,6994,Scone
T0367,C00855,R021,8419,Mocha
T0368,C00158,R013,6885,Bagel
T0368,C00158,R013,5890,Cappuccino
T0369,C00556,R018,10316,Americano
T0369,C00556,R018,9828,Sandwich
T0370,C00427,R004,10881,Scone
T0370,C00427,R004,7851,Cappuccino
T0370,C00427,R004,8097,Croissant
T0371,C00439,R009,5413,Latte
T0371,C00439,R009,9820,Americano
T0371,C00439,R009,6744,Muffin
T0372,C00437,R002,10843,Scone
T0372,C00437,R002,6858,Espresso
T0372,C00437,R002,8872,Muffin
T0373,C00270,R010,4643,Sandwich
T0373,C00270,R010,10446,Muffin
T0373,C00270,R010,11059,Americano
T0374,C00151,R007,10608,Americano
T0374,C00151,R007,6701,Espresso
T0375,C00880,R010,3453,Muffin
T0375,C00880,R010,5657,Latte
T0376,C00578,R002,9015,Scone
T0376,C00578,R002,4852,Sandwich
T0376,C00578,R002,8886,Mocha
T0377,C00423,R014,10716,Mocha
T0377,C00423,R014,9285,Scone
T0377,C00423,R014,3648,Espresso
T0378,C00794,R001,8563,Latte
T0378,C00794,R001,9819,Croissant
T0378,C00794,R001,10888,Scone
T0379,C00183,R024,8885,Croissant
T0379,C00183,R024,5685,Muffin
T0380,C00509,R017,11729,Latte
T0380,C00509,R017,11917,Scone
T0380,C00509,R017,10789,Americano
T0381,C00018,R015,4590,Bagel
T0381,C00018,R015,3972,Croissant
T0382,C00879,R002,4716,Sandwich
T0382,C00879,R002,8910,Croissant
T0383,C00192,R019,6929,Croissant
T0383,C00192,R019,7716,Americano
T0384,C00169,R027,6120,Americano
T0384,C00169,R027,11556,Cappuccino
T0385,C00364,R016,9573,Americano
T0385,C00364,R016,10094,Bagel
T0385,C00364,R016,4438,Scone
T0386,C00413,R030,4868,Scone
T0386,C00413,R030,7731,Espresso
T0386,C00413,R030,11694,Latte
T0387,C00073,R028,4781,Scone
T0387,C00073,R028,5136,Sandwich
T0387,C00073,R028,10862,Cappuccino
T0388,C00185,R001,5703,Muffin
T0388,C00185,R001,8338,Americano
T0388,C00185,R001,7990,Scone
T0389,C00972,R019,4470,Latte
T0389,C00972,R019,10291,Muffin
T0389,C00972,R019,10606,Sandwich
T0390,C00356,R021,6434,Mocha
T0390,C00356,R021,10892,Scone
T0391,C00927,R009,6189,Latte
T0391,C00927,R009,4657,Mocha
T0391,C00927,R009,8370,Croissant
T0392,C00034,R022,6042,Americano
T0392,C00034,R022,9642,Sandwich
T0392,C00034,R022,4947,Bagel
T0393,C00461,R014,3664,Muffin
T0393,C00461,R014,7951,Espresso
T0394,C00853,R011,9448,Latte
T0394,C00853,R011,7629,Bagel
T0394,C00853,R011,9937,Croissant
T0395,C00203,R009,6730,Croissant
T0395,C00203,R009,7412,Sandwich
T0396,C00858,R023,5324,Muffin
T0396,C00858,R023,3617,Cappuccino
T0396,C00858,R023,10721,Americano
T0397,C00179,R016,4112,Espresso
T0397,C00179,R016,11540,Latte
T0397,C00179,R016,4329,Scone
T0398,C00090,R030,5633,Croissant
T0398,C00090,R030,3684,Bagel
T0399,C00561,R010,6398,Cappuccino
T0399,C00561,R010,11456,Muffin
T0399,C00561,R010,7192,Bagel
T0400,C00113,R027,11298,Muffin
T0400,C00113,R027,5634,Bagel
T0401,C00931,R025,8703,Muffin
T0401,C00931,R025,10821,Espresso
T0402,C00667,R006,8839,Mocha
T0402,C00667,R006,4402,Bagel
T0402,C00667,R006,6788,Croissant
T0403,C00244,R029,9212,Scone
T0403,C00244,R029,7190,Bagel
T0403,C00244,R029,10586,Sandwich
T0404,C00515,R010,6276,Sandwich
T0404,C00515,R010,3253,Bagel
T0405,C00157,R007,3155,Mocha
T0405,C00157,R007,7678,Croissant
T0406,C00444,R016,10196,Scone
T0406,C00444,R016,10899,Cappuccino
T0407,C00834,R027,7498,Scone
T0407,C00834,R027,8591,Sandwich
T0407,C00834,R027,7237,Muffin
T0408,C00823,R028,8076,Espresso
T0408,C00823,R028,5308,Latte
T0409,C00700,R017,9555,Americano
T0409,C00700,R017,5764,Espresso
T0409,C00700,R017,10196,Croissant
T0410,C00658,R030,9010,Mocha
T0410,C00658,R030,6528,Scone
T0411,C00085,R024,4707,Scone
T0411,C00085,R024,11389,Sandwich
T0411,C00085,R024,7934,Croissant
T0412,C00156,R029,8699,Croissant
T0412,C00156,R029,6984,Mocha
T0412,C00156,R029,4707,Americano
T0413,C00293,R022,3587,Americano
T0413,C00293,R022,10204,Scone
T0413,C00293,R022,5122,Sandwich
T0414,C00174,R017,8021,Cappuccino
T0414,C00174,R017,10775,Sandwich
T0414,C00174,R017,5150,Bagel
T0415,C00784,R025,3161,Latte
T0415,C00784,R025,3273,Sandwich
T0415,C00784,R025,8645,Mocha
T0416,C00552,R020,7065,Espresso
T0416,C00552,R020,6742,Latte
T0416,C00552,R020,5668,Cappuccino
T0417,C00724,R004,6394,Americano
T0417,C00724,R004,9723,Mocha
T0418,C00491,R011,8748,Scone
T0418,C00491,R011,9906,Cappuccino
T0418,C00491,R011,8415,Croissant
T0419,C00133,R012,3814,Americano
T0419,C00133,R012,11480,Mocha
T0420,C00189,R011,5831,Muffin
T0420,C00189,R011,10813,Sandwich
T0420,C00189,R011,3365,Mocha
T0421,C00400,R020,3160,Americano
T0421,C00400,R020,8727,Espresso
T0422,C00606,R018,9041,Muffin
T0422,C00606,R018,9378,Americano
T0422,C00606,R018,5770,Sandwich
T0423,C00375,R020,4153,Bagel
T0423,C00375,R020,8989,Espresso
T0423,C00375,R020,5433,Sandwich
T0424,C00805,R009,6845,Latte
T0424,C00805,R009,10706,Americano
T0424,C00805,R009,8631,Muffin
T0425,C00431,R003,9605,Muffin
T0425,C00431,R003,3972,Mocha
T0426,C00572,R029,10709,Croissant
T0426,C00572,R029,6998,Americano
T0427,C00409,R026,4369,Croissant
T0427,C00409,R026,11250,Bagel
T0428,C00046,R023,11948,Latte
T0428,C00046,R023,3138,Mocha
T0429,C00560,R015,10894,Scone
T0429,C00560,R015,5032,Mocha
T0430,C00818,R013,7563,Cappuccino
T0430,C00818,R013,11019,Mocha
T0431,C00497,R002,11934,Americano
T0431,C00497,R002,6496,Sandwich
T0431,C00497,R002,10577,Scone
T0432,C00015,R025,10048,Americano
T0432,C00015,R025,8676,Bagel
T0433,C00109,R017,10501,Croissant
T0433,C00109,R017,8180,Cappuccino
T0434,C00098,R022,4122,Croissant
T0434,C00098,R022,3251,Scone
T0435,C00329,R027,7563,Scone
T0435,C00329,R027,8134,Mocha
T0435,C00329,R027,4313,Muffin
T0436,C00949,R016,6209,Espresso
T0436,C00949,R016,7903,Latte
T0436,C00949,R016,9059,Sandwich
T0437,C00712,R028,5624,Croissant
T0437,C00712,R028,7652,Cappuccino
T0437,C00712,R028,4120,Sandwich
T0438,C00398,R023,10483,Latte
T0438,C00398,R023,9106,Sandwich
T0438,C00398,R023,4862,Cappuccino
T0439,C00142,R019,5357,Sandwich
T0439,C00142,R019,7315,Latte
T0439,C00142,R019,5002,Scone
T0440,C00177,R026,11887,Muffin
T0440,C00177,R026,7564,Cappuccino
T0441,C00705,R016,10731,Latte
T0441,C00705,R016,4183,Mocha
T0441,C00705,R016,11434,Cappuccino
T0442,C00729,R003,11244,Espresso
T0442,C00729,R003,4359,Muffin
T0442,C00729,R003,10819,Bagel
T0443,C00274,R003,7757,Espresso
T0443,C00274,R003,4316,Latte
T0443,C00274,R003,5416,Cappuccino
T0444,C00592,R007,8598,Bagel
T0444,C00592,R007,5078,Sandwich
T0444,C00592,R007,7765,Espresso
T0445,C00551,R020,11978,Americano
T0445,C00551,R020,11749,Mocha
T0446,C00459,R024,11001,Latte
T0446,C00459,R024,6001,Croissant
T0446,C00459,R024,7739,Bagel
T0447,C00654,R019,9115,Muffin
T0447,C00654,R019,5926,Espresso
T0447,C00654,R019,10949,Croissant
T0448,C00255,R001,3086,Bagel
T0448,C00255,R001,11882,Scone
T0449,C00665,R022,11530,Latte
T0449,C00665,R022,7617,Scone
T0449,C00665,R022,5757,Bagel
T0450,C00505,R019,3451,Latte
T0450,C00505,R019,3909,Muffin
T0450,C00505,R019,6721,Sandwich
T0451,C00614,R002,9969,Croissant
T0451,C00614,R002,5393,Americano
T0452,C00153,R011,7206,Bagel
T0452,C00153,R011,5052,Sandwich
T0452,C00153,R011,4186,Scone
T0453,C00711,R012,4580,Sandwich
T0453,C00711,R012,8494,Mocha
T0453,C00711,R012,7591,Cappuccino
T0454,C00055,R029,3423,Latte
T0454,C00055,R029,7810,Americano
T0454,C00055,R029,3677,Sandwich
T0455,C00276,R028,4648,Sandwich
T0455,C00276,R028,5594,Americano
T0456,C00933,R009,4781,Sandwich
T0456,C00933,R009,4682,Croissant
T0456,C00933,R009,4118,Bagel
T0457,C00054,R016,3709,Croissant
T0457,C00054,R016,11731,Cappuccino
T0458,C00426,R028,5964,Mocha
T0458,C00426,R028,3338,Cappuccino
T0458,C00426,R028,3609,Sandwich
T0459,C00890,R027,11187,Muffin
T0459,C00890,R027,8144,Americano
T0459,C00890,R027,6540,Mocha
T0460,C00827,R004,3971,Scone
T0460,C00827,R004,5934,Bagel
T0461,C00332,R022,8845,Americano
T0461,C00332,R022,11661,Mocha
T0462,C00959,R004,11058,Bagel
T0462,C00959,R004,9351,Latte
T0462,C00959,R004,4354,Mocha
T0463,C00176,R007,3282,Cappuccino
T0463,C00176,R007,4480,Muffin
T0464,C00499,R010,3705,Mocha
T0464,C00499,R010,11361,Espresso
T0465,C00207,R010,9540,Latte
T0465,C00207,R010,8267,Bagel
T0465,C00207,R010,7414,Mocha
T0466,C00166,R011,7020,Mocha
T0466,C00166,R011,3101,Americano
T0467,C00066,R008,11600,Sandwich
T0467,C00066,R008,8090,Croissant
T0468,C00560,R013,10541,Espresso
T0468,C00560,R013,6344,Croissant
T0468,C00560,R013,9313,Americano
T0469,C00859,R011,11422,Muffin
T0469,C00859,R011,5720,Americano
T0470,C00384,R001,8450,Bagel
T0470,C00384,R001,8365,Sandwich
T0471,C00266,R024,9197,Mocha
T0471,C00266,R024,4756,Croissant
T0471,C00266,R024,6730,Sandwich
T0472,C00134,R011,9754,Sandwich
T0472,C00134,R011,7831,Muffin
T0472,C00134,R011,8012,Cappuccino
T0473,C00951,R012,4924,Sandwich
T0473,C00951,R012,6080,Cappuccino
T0474,C00678,R020,10781,Americano
T0474,C00678,R020,5129,Croissant
T0475,C00702,R021,4291,Espresso
T0475,C00702,R021,4215,Latte
T0475,C00702,R021,6969,Mocha
T0476,C00450,R007,3315,Muffin
T0476,C00450,R007,5227,Croissant
T0477,C00633,R006,9289,Cappuccino
T0477,C00633,R006,11194,Sandwich
T0478,C00127,R013,10605,Cappuccino
T0478,C00127,R013,5228,Scone
T0478,C00127,R013,5775,Croissant
T0479,C00992,R019,9647,Latte
T0479,C00992,R019,7571,Americano
T0479,C00992,R019,11053,Cappuccino
T0480,C00477,R022,5488,Croissant
T0480,C00477,R022,3815,Muffin
T0480,C00477,R022,10403,Sandwich
T0481,C00842,R029,7449,Cappuccino
T0481,C00842,R029,7779,Americano
T0481,C00842,R029,11745,Espresso
T0482,C00806,R009,11138,Mocha
T0482,C00806,R009,6859,Cappuccino
T0482,C00806,R009,10325,Muffin
T0483,C00876,R003,9347,Croissant
T0483,C00876,R003,8233,Latte
T0483,C00876,R003,7531,Espresso
T0484,C00619,R007,5398,Bagel
T0484,C00619,R007,7487,Americano
T0485,C00942,R020,11173,Latte
T0485,C00942,R020,9886,Cappuccino
T0485,C00942,R020,3718,Scone
T0486,C00518,R019,3070,Muffin
T0486,C00518,R019,6853,Croissant
T0487,C00643,R002,5354,Cappuccino
T0487,C00643,R002,3176,Scone
T0487,C00643,R002,9764,Espresso
T0488,C00752,R008,4206,Muffin
T0488,C00752,R008,9019,Americano
T0488,C00752,R008,6358,Latte
T0489,C00113,R011,3552,Sandwich
T0489,C00113,R011,7620,Croissant
T0489,C00113,R011,6373,Bagel
T0490,C00871,R024,10597,Americano
T0490,C00871,R024,10675,Croissant
T0491,C00225,R025,7812,Espresso
T0491,C00225,R025,6882,Bagel
T0492,C00151,R004,9930,Sandwich
T0492,C00151,R004,3245,Americano
T0492,C00151,R004,3343,Latte
T0493,C00945,R021,4760,Espresso
T0493,C00945,R021,4112,Sandwich
T0493,C00945,R021,3399,Bagel
T0494,C00272,R015,6253,Americano
T0494,C00272,R015,5556,Scone
T0494,C00272,R015,6718,Espresso
T0495,C00586,R024,9045,Sandwich
T0495,C00586,R024,4039,Espresso
T0495,C00586,R024,3598,Scone
T0496,C00943,R019,10879,Latte
T0496,C00943,R019,5725,Americano
T0496,C00943,R019,10199,Bagel
T0497,C00010,R024,9655,Latte
T0497,C00010,R024,8272,Cappuccino
T0498,C00905,R018,4010,Cappuccino
T0498,C00905,R018,9742,Croissant
T0498,C00905,R018,10539,Muffin
T0499,C00472,R014,11496,Muffin
T0499,C00472,R014,3324,Latte
T0500,C00148,R008,6552,Muffin
T0500,C00148,R008,9200,Latte
T0501,C00490,R027,5137,Sandwich
T0501,C00490,R027,7606,Scone
T0501,C00490,R027,7120,Croissant
T0502,C00035,R003,9346,Cappuccino
T0502,C00035,R003,5844,Espresso
T0503,C00619,R025,11677,Latte
T0503,C00619,R025,5458,Bagel
T0504,C00878,R024,8711,Espresso
T0504,C00878,R024,7654,Sandwich
T0505,C00159,R025,11593,Scone
T0505,C00159,R025,4734,Espresso
T0506,C00188,R004,5564,Mocha
T0506,C00188,R004,10903,Croissant
T0507,C00214,R025,6014,Cappuccino
T0507,C00214,R025,10470,Sandwich
T0507,C00214,R025,6921,Muffin
T0508,C00634,R004,4952,Muffin
T0508,C00634,R004,10456,Latte
T0509,C00295,R020,7223,Muffin
T0509,C00295,R020,3124,Espresso
T0510,C00534,R007,5329,Scone
T0510,C00534,R007,7206,Latte
T0511,C00130,R003,10096,Croissant
T0511,C00130,R003,3324,Bagel
T0511,C00130,R003,8171,Latte
T0512,C00014,R015,7230,Mocha
T0512,C00014,R015,11551,Muffin
T0512,C00014,R015,3536,Americano
T0513,C00924,R012,6835,Scone
T0513,C00924,R012,9637,Bagel
T0513,C00924,R012,3997,Espresso
T0514,C00754,R028,5793,Bagel
T0514,C00754,R028,4789,Croissant
T0514,C00754,R028,7136,Cappuccino
T0515,C00739,R004,8647,Sandwich
T0515,C00739,R004,9066,Cappuccino
T0516,C00469,R011,7153,Latte
T0516,C00469,R011,11968,Espresso
T0517,C00751,R013,3513,Espresso
T0517,C00751,R013,7246,Croissant
T0518,C00321,R030,3816,Bagel
T0518,C00321,R030,4914,Scone
T0518,C00321,R030,10072,Muffin
T0519,C00122,R011,4017,Espresso
T0519,C00122,R011,8492,Sandwich
T0520,C00788,R027,4417,Americano
T0520,C00788,R027,10879,Mocha
T0520,C00788,R027,9752,Cappuccino
T0521,C00525,R003,10443,Bagel
T0521,C00525,R003,11709,Americano
T0522,C00899,R020,10953,Latte
T0522,C00899,R020,6338,Espresso
T0522,C00899,R020,9203,Americano
T0523,C00976,R021,9175,Mocha
T0523,C00976,R021,9087,Americano
T0524,C00516,R004,9327,Muffin
T0524,C00516,R004,3870,Espresso
T0524,C00516,R004,3211,Croissant
T0525,C00211,R013,11430,Cappuccino
T0525,C00211,R013,4268,Latte
T0525,C00211,R013,4833,Sandwich
T0526,C00987,R023,8964,Espresso
T0526,C00987,R023,3588,Mocha
T0527,C00320,R028,3807,Croissant
T0527,C00320,R028,7472,Scone
T0528,C00311,R018,6917,Espresso
T0528,C00311,R018,5693,Cappuccino
T0528,C00311,R018,7623,Americano
T0529,C00740,R015,4581,Mocha
T0529,C00740,R015,4718,Espresso
T0529,C00740,R015,11978,Latte
T0530,C00166,R014,4162,Croissant
T0530,C00166,R014,10066,Sandwich
T0530,C00166,R014,4219,Americano
T0531,C00013,R022,9760,Sandwich
T0531,C00013,R022,9971,Muffin
T0532,C00934,R026,4442,Latte
T0532,C00934,R026,5257,Sandwich
T0533,C00721,R005,10943,Sandwich
T0533,C00721,R005,10878,Espresso
T0533,C00721,R005,11610,Americano
T0534,C00664,R006,8510,Scone
T0534,C00664,R006,4996,Latte
T0535,C00031,R005,3678,Croissant
T0535,C00031,R005,6461,Espresso
T0536,C00479,R019,10377,Sandwich
T0536,C00479,R019,11578,Americano
T0537,C00972,R019,7310,Croissant
T0537,C00972,R019,5993,Cappuccino
T0538,C00675,R023,7679,Bagel
T0538,C00675,R023,6528,Latte
T0539,C00381,R022,9786,Sandwich
T0539,C00381,R022,8744,Muffin
T0540,C00640,R012,5479,Mocha
T0540,C00640,R012,9298,Croissant
T0541,C00552,R012,3640,Espresso
T0541,C00552,R012,5971,Croissant
T0542,C00100,R027,4670,Latte
T0542,C00100,R027,11881,Sandwich
T0543,C00433,R030,5637,Croissant
T0543,C00433,R030,11485,Scone
T0543,C00433,R030,7233,Espresso
T0544,C00138,R016,7387,Bagel
T0544,C00138,R016,11642,Muffin
T0545,C00076,R011,5131,Cappuccino
T0545,C00076,R011,5778,Muffin
T0546,C00926,R012,9907,Latte
T0546,C00926,R012,4928,Bagel
T0546,C00926,R012,6716,Sandwich
T0547,C00552,R008,5955,Scone
T0547,C00552,R008,10395,Americano
T0548,C00848,R015,10774,Bagel
T0548,C00848,R015,5873,Muffin
T0549,C00396,R013,10272,Americano
T0549,C00396,R013,10789,Latte
T0550,C00121,R023,3220,Cappuccino
T0550,C00121,R023,11128,Bagel
T0550,C00121,R023,7399,Scone
T0551,C00777,R010,4665,Americano
T0551,C00777,R010,3896,Latte
T0551,C00777,R010,10161,Mocha
T0552,C00721,R017,11686,Muffin
T0552,C00721,R017,4052,Mocha
T0553,C00369,R002,11405,Scone
T0553,C00369,R002,6895,Espresso
T0554,C00294,R030,5893,Muffin
T0554,C00294,R030,11960,Cappuccino
T0554,C00294,R030,10827,Scone
T0555,C00381,R025,3103,Croissant
T0555,C00381,R025,8688,Bagel
T0556,C00347,R025,10749,Croissant
T0556,C00347,R025,11996,Cappuccino
T0556,C00347,R025,10556,Americano
T0557,C00444,R028,10934,Mocha
T0557,C00444,R028,4440,Americano
T0558,C00902,R029,11146,Mocha
T0558,C00902,R029,6723,Bagel
T0558,C00902,R029,5367,Latte
T0559,C00043,R026,3225,Croissant
T0559,C00043,R026,6457,Latte
T0559,C00043,R026,10190,Mocha
T0560,C00148,R013,9727,Bagel
T0560,C00148,R013,9682,Americano
T0560,C00148,R013,6972,Sandwich
T0561,C00608,R020,6891,Sandwich
T0561,C00608,R020,7158,Americano
T0561,C00608,R020,6476,Croissant
T0562,C00687,R024,4459,Bagel
T0562,C00687,R024,7775,Mocha
T0563,C00896,R024,6680,Americano
T0563,C00896,R024,7311,Mocha
T0564,C00885,R010,11555,Latte
T0564,C00885,R010,7055,Espresso
T0564,C00885,R010,3027,Croissant
T0565,C00807,R025,8075,Latte
T0565,C00807,R025,11451,Sandwich
T0565,C00807,R025,8677,Cappuccino
T0566,C00751,R010,6803,Bagel
T0566,C00751,R010,5739,Muffin
T0567,C00604,R004,6914,Muffin
T0567,C00604,R004,7781,Bagel
T0567,C00604,R004,11504,Sandwich
T0568,C00620,R029,11710,Americano
T0568,C00620,R029,10048,Espresso
T0569,C00018,R029,7989,Croissant
T0569,C00018,R029,3698,Latte
T0570,C00885,R017,7648,Mocha
T0570,C00885,R017,8944,Bagel
T0570,C00885,R017,6272,Muffin
T0571,C00025,R022,6546,Americano
T0571,C00025,R022,11401,Mocha
T0572,C00614,R024,10444,Bagel
T0572,C00614,R024,11086,Scone
T0572,C00614,R024,7113,Latte
T0573,C00317,R009,3144,Espresso
T0573,C00317,R009,4339,Mocha
T0574,C00332,R030,8511,Muffin
T0574,C00332,R030,3081,Cappuccino
T0575,C00421,R008,6223,Cappuccino
T0575,C00421,R008,6043,Americano
T0576,C00219,R009,10143,Cappuccino
T0576,C00219,R009,4075,Bagel
T0577,C00716,R013,6789,Muffin
T0577,C00716,R013,8668,Sandwich
T0578,C00646,R014,5671,Bagel
T0578,C00646,R014,4471,Croissant
T0578,C00646,R014,7164,Latte
T0579,C00291,R019,7490,Scone
T0579,C00291,R019,10904,Croissant
T0580,C00402,R010,11465,Sandwich
T0580,C00402,R010,10063,Muffin
T0580,C00402,R010,5041,Cappuccino
T0581,C00162,R019,11519,Scone
T0581,C00162,R019,3863,Sandwich
T0582,C00250,R012,3752,Sandwich
T0582,C00250,R012,7290,Espresso
T0583,C00227,R015,7489,Mocha
T0583,C00227,R015,8514,Scone
T0583,C00227,R015,8924,Muffin
T0584,C00742,R018,3237,Sandwich
T0584,C00742,R018,7814,Cappuccino
T0584,C00742,R018,10319,Croissant
T0585,C00112,R002,4097,Sandwich
T0585,C00112,R002,9497,Mocha
T0586,C00204,R030,5505,Latte
T0586,C00204,R030,9364,Cappuccino
T0586,C00204,R030,5246,Scone
T0587,C00380,R001,9762,Bagel
T0587,C00380,R001,10738,Mocha
T0588,C00150,R025,10790,Scone
T0588,C00150,R025,11374,Bagel
T0588,C00150,R025,7686,Latte
T0589,C00323,R026,9195,Muffin
T0589,C00323,R026,11466,Latte
T0589,C00323,R026,8486,Bagel
T0590,C00912,R011,11807,Croissant
T0590,C00912,R011,9377,Espresso
T0591,C00236,R007,6873,Cappuccino
T0591,C00236,R007,4427,Bagel
T0592,C00237,R014,6350,Bagel
T0592,C00237,R014,3647,Scone
T0592,C00237,R014,11991,Espresso
T0593,C00162,R015,11271,Croissant
T0593,C00162,R015,11376,Cappuccino
T0594,C00119,R019,6085,Latte
T0594,C00119,R019,5411,Bagel
T0595,C00017,R029,8384,Croissant
T0595,C00017,R029,4859,Sandwich
T0595,C00017,R029,7574,Espresso
T0596,C00187,R014,10956,Americano
T0596,C00187,R014,9304,Latte
T0596,C00187,R014,8875,Mocha
T0597,C00837,R001,5821,Scone
T0597,C00837,R001,4883,Sandwich
T0598,C00164,R018,10712,Espresso
T0598,C00164,R018,11465,Latte
T0598,C00164,R018,5767,Muffin
T0599,C00083,R001,9800,Muffin
T0599,C00083,R001,7377,Scone
T0599,C00083,R001,6178,Cappuccino
T0600,C00614,R021,4281,Cappuccino
T0600,C00614,R021,5056,Scone
T0600,C00614,R021,6583,Espresso
T0601,C00010,R012,4286,Bagel
T0601,C00010,R012,6893,Muffin
T0602,C00509,R009,4662,Espresso
T0602,C00509,R009,4468,Muffin
T0602,C00509,R009,10190,Sandwich
T0603,C00807,R009,9117,Americano
T0603,C00807,R009,8036,Croissant
T0603,C00807,R009,6424,Espresso
T0604,C00630,R005,3905,Bagel
T0604,C00630,R005,5837,Sandwich
T0605,C00058,R026,5937,Americano
T0605,C00058,R026,6242,Espresso
T0606,C00643,R019,10237,Bagel
T0606,C00643,R019,4701,Muffin
T0606,C00643,R019,10627,Scone
T0607,C00214,R024,9630,Cappuccino
T0607,C00214,R024,10019,Sandwich
T0607,C00214,R024,7162,Latte
T0608,C00290,R028,11327,Bagel
T0608,C00290,R028,11450,Espresso
T0608,C00290,R028,3059,Sandwich
T0609,C00976,R004,9163,Croissant
T0609,C00976,R004,11259,Mocha
T0609,C00976,R004,4413,Sandwich
T0610,C00568,R028,7517,Cappuccino
T0610,C00568,R028,3168,Sandwich
T0610,C00568,R028,6660,Americano
T0611,C00150,R015,10961,Espresso
T0611,C00150,R015,5525,Muffin
T0611,C00150,R015,6520,Scone
T0612,C00057,R005,7509,Bagel
T0612,C00057,R005,6609,Sandwich
T0612,C00057,R005,6192,Scone
T0613,C00769,R023,6128,Croissant
T0613,C00769,R023,4023,Muffin
T0613,C00769,R023,4186,Sandwich
T0614,C00641,R013,4638,Cappuccino
T0614,C00641,R013,3312,Americano
T0615,C00906,R006,8798,Americano
T0615,C00906,R006,4685,Latte
T0615,C00906,R006,3221,Muffin
T0616,C00192,R007,11321,Latte
T0616,C00192,R007,11986,Espresso
T0617,C00461,R001,7596,Scone
T0617,C00461,R001,6459,Mocha
T0617,C00461,R001,7363,Cappuccino
T0618,C00004,R012,9068,Espresso
T0618,C00004,R012,11044,Latte
T0619,C00770,R015,6450,Americano
T0619,C00770,R015,8655,Espresso
T0620,C00471,R026,9220,Scone
T0620,C00471,R026,7833,Espresso
T0621,C00551,R029,5567,Sandwich
T0621,C00551,R029,6117,Mocha
T0621,C00551,R029,4536,Bagel
T0622,C00702,R011,6137,Bagel
T0622,C00702,R011,10613,Sandwich
T0623,C00908,R023,8188,Croissant
T0623,C00908,R023,5856,Muffin
T0624,C00621,R025,7526,Americano
T0624,C00621,R025,10158,Muffin
T0624,C00621,R025,11228,Bagel
T0625,C00912,R015,8523,Americano
T0625,C00912,R015,8701,Sandwich
T0626,C00741,R026,7829,Sandwich
T0626,C00741,R026,9520,Scone
T0626,C00741,R026,8200,Cappuccino
T0627,C00643,R022,7512,Scone
T0627,C00643,R022,5468,Sandwich
T0627,C00643,R022,9289,Bagel
T0628,C00524,R019,7117,Bagel
T0628,C00524,R019,4409,Croissant
T0629,C00914,R017,10812,Latte
T0629,C00914,R017,4892,Sandwich
T0630,C00580,R015,11404,Cappuccino
T0630,C00580,R015,6319,Croissant
T0630,C00580,R015,10391,Mocha
T0631,C00411,R008,10465,Muffin
T0631,C00411,R008,11039,Cappuccino
T0632,C00666,R012,6642,Bagel
T0632,C00666,R012,11405,Mocha
T0632,C00666,R012,5314,Sandwich
T0633,C00944,R020,6319,Croissant
T0633,C00944,R020,11240,Bagel
T0633,C00944,R020,11314,Muffin
T0634,C00940,R002,6936,Mocha
T0634,C00940,R002,10509,Sandwich
T0635,C00391,R019,11961,Espresso
T0635,C00391,R019,11242,Muffin
T0636,C00855,R003,6921,Muffin
T0636,C00855,R003,5950,Latte
T0636,C00855,R003,6073,Croissant
T0637,C00202,R001,8415,Americano
T0637,C00202,R001,6235,Espresso
T0638,C00043,R022,8428,Scone
T0638,C00043,R022,6453,Espresso
T0639,C00140,R021,8934,Latte
T0639,C00140,R021,6200,Americano
T0639,C00140,R021,3057,Scone
T0640,C00355,R018,5342,Bagel
T0640,C00355,R018,6612,Americano
T0641,C00805,R004,9788,Espresso
T0641,C00805,R004,3929,Cappuccino
T0642,C00151,R004,3900,Cappuccino
T0642,C00151,R004,10097,Scone
T0643,C00104,R004,10187,Scone
T0643,C00104,R004,4649,Croissant
T0643,C00104,R004,8416,Cappuccino
T0644,C00785,R005,6081,Cappuccino
T0644,C00785,R005,5319,Croissant
T0645,C00782,R004,6510,Muffin
T0645,C00782,R004,11513,Bagel
T0645,C00782,R004,4340,Latte
T0646,C00205,R024,7833,Cappuccino
T0646,C00205,R024,9894,Mocha
T0646,C00205,R024,8032,Muffin
T0647,C00424,R029,10976,Muffin
T0647,C00424,R029,8662,Cappuccino
T0647,C00424,R029,11887,Mocha
T0648,C00351,R001,5969,Sandwich
T0648,C00351,R001,9390,Cappuccino
T0649,C00485,R026,11693,Muffin
T0649,C00485,R026,6787,Latte
T0649,C00485,R026,11861,Croissant
T0650,C00021,R028,3690,Mocha
T0650,C00021,R028,6928,Latte
T0650,C00021,R028,7193,Espresso
T0651,C00843,R025,11233,Americano
T0651,C00843,R025,6125,Croissant
T0652,C00928,R019,8792,Cappuccino
T0652,C00928,R019,11926,Sandwich
T0652,C00928,R019,6422,Bagel
T0653,C00902,R015,11789,Bagel
T0653,C00902,R015,7699,Espresso
T0654,C00640,R027,11588,Espresso
T0654,C00640,R027,9549,Scone
T0655,C00255,R006,3227,Americano
T0655,C00255,R006,6734,Muffin
T0655,C00255,R006,11266,Bagel
T0656,C00154,R012,9800,Espresso
T0656,C00154,R012,9925,Mocha
T0656,C00154,R012,5775,Latte
T0657,C00673,R008,8175,Espresso
T0657,C00673,R008,4241,Muffin
T0658,C00740,R017,11326,Latte
T0658,C00740,R017,3129,Bagel
T0658,C00740,R017,3841,Croissant
T0659,C00019,R007,9173,Bagel
T0659,C00019,R007,7555,Scone
T0659,C00019,R007,11915,Sandwich
T0660,C00043,R030,10360,Scone
T0660,C00043,R030,4438,Croissant
T0660,C00043,R030,11627,Sandwich
T0661,C00296,R011,9359,Americano
T0661,C00296,R011,6660,Espresso
T0662,C00860,R024,11131,Mocha
T0662,C00860,R024,7983,Bagel
T0662,C00860,R024,11933,Americano
T0663,C00177,R026,3926,Cappuccino
T0663,C00177,R026,8007,Bagel
T0664,C00206,R018,4828,Sandwich
T0664,C00206,R018,11151,Mocha
T0664,C00206,R018,11984,Latte
T0665,C00169,R028,9549,Scone
T0665,C00169,R028,10944,Espresso
T0665,C00169,R028,5973,Bagel
T0666,C00018,R021,5958,Sandwich
T0666,C00018,R021,5630,Muffin
T0667,C00054,R019,8202,Espresso
T0667,C00054,R019,4526,Mocha
T0668,C00917,R029,8629,Latte
T0668,C00917,R029,6592,Croissant
T0669,C00193,R011,10237,Latte
T0669,C00193,R011,8882,Muffin
T0670,C00136,R003,4335,Americano
T0670,C00136,R003,3950,Bagel
T0671,C00140,R021,8586,Croissant
T0671,C00140,R021,11818,Americano
T0671,C00140,R021,8554,Muffin
T0672,C00953,R022,3366,Americano
T0672,C00953,R022,4888,Croissant
T0672,C00953,R022,6511,Mocha
T0673,C00632,R022,5826,Sandwich
T0673,C00632,R022,10560,Cappuccino
T0674,C00160,R014,3101,Sandwich
T0674,C00160,R014,7290,Croissant
T0674,C00160,R014,5038,Bagel
T0675,C00801,R001,8736,Americano
T0675,C00801,R001,10193,Sandwich
T0675,C00801,R001,10030,Muffin
T0676,C00356,R012,7059,Americano
T0676,C00356,R012,4349,Mocha
T0676,C00356,R012,10531,Latte
T0677,C00519,R022,6700,Mocha
T0677,C00519,R022,6855,Latte
T0677,C00519,R022,8169,Americano
T0678,C00873,R016,11886,Croissant
T0678,C00873,R016,8221,Americano
T0679,C00863,R002,11460,Cappuccino
T0679,C00863,R002,7288,Latte
T0679,C00863,R002,5274,Sandwich
T0680,C00612,R024,9259,Sandwich
T0680,C00612,R024,7387,Muffin
T0681,C00221,R014,4225,Muffin
T0681,C00221,R014,9626,Americano
T0681,C00221,R014,8862,Espresso
T0682,C00339,R024,11300,Latte
T0682,C00339,R024,3766,Espresso
T0682,C00339,R024,10032,Cappuccino
T0683,C00744,R027,8887,Croissant
T0683,C00744,R027,11968,Espresso
T0683,C00744,R027,10427,Sandwich
T0684,C00231,R023,5245,Sandwich
T0684,C00231,R023,6014,Americano
T0685,C00751,R013,8972,Muffin
T0685,C00751,R013,4519,Sandwich
T0685,C00751,R013,8796,Americano
T0686,C00402,R014,6315,Bagel
T0686,C00402,R014,8750,Muffin
T0686,C00402,R014,10156,Americano
T0687,C00417,R004,3922,Espresso
T0687,C00417,R004,9152,Latte
T0688,C00866,R009,10540,Scone
T0688,C00866,R009,6349,Mocha
T0689,C00101,R006,10522,Sandwich
T0689,C00101,R006,9157,Latte
T0690,C00576,R011,9602,Bagel
T0690,C00576,R011,11518,Cappuccino
T0691,C00834,R023,7296,Sandwich
T0691,C00834,R023,4691,Cappuccino
T0691,C00834,R023,10392,Mocha
T0692,C00818,R010,3234,Bagel
T0692,C00818,R010,10219,Croissant
T0692,C00818,R010,8979,Americano
T0693,C00134,R016,10324,Mocha
T0693,C00134,R016,9238,Sandwich
T0694,C00753,R020,4224,Espresso
T0694,C00753,R020,9453,Muffin
T0695,C00302,R020,4550,Sandwich
T0695,C00302,R020,7719,Latte
T0695,C00302,R020,6137,Cappuccino
T0696,C00813,R015,4188,Cappuccino
T0696,C00813,R015,6817,Americano
T0696,C00813,R015,3510,Muffin
T0697,C00965,R010,11496,Croissant
T0697,C00965,R010,9675,Americano
T0698,C00542,R018,9747,Latte
T0698,C00542,R018,5145,Espresso
T0698,C00542,R018,4631,Sandwich
T0699,C00363,R019,10905,Mocha
T0699,C00363,R019,9572,Bagel
T0699,C00363,R019,8661,Cappuccino
T0700,C00766,R029,7367,Cappuccino
T0700,C00766,R029,7368,Sandwich
T0701,C00018,R027,3689,Bagel
T0701,C00018,R027,6309,Muffin
T0701,C00018,R027,5097,Cappuccino
T0702,C00406,R029,9103,Sandwich
T0702,C00406,R029,9714,Americano
T0703,C00546,R016,3047,Muffin
T0703,C00546,R016,9324,Espresso
T0704,C00952,R027,9980,Cappuccino
T0704,C00952,R027,5423,Bagel
T0705,C00938,R027,10000,Americano
T0705,C00938,R027,10605,Croissant
T0705,C00938,R027,9504,Scone
T0706,C00217,R005,11988,Americano
T0706,C00217,R005,11073,Bagel
T0706,C00217,R005,8389,Mocha
T0707,C00497,R026,10969,Americano
T0707,C00497,R026,4873,Muffin
T0707,C00497,R026,11686,Scone
T0708,C00873,R002,3517,Cappuccino
T0708,C00873,R002,10064,Scone
T0709,C00292,R020,3381,Espresso
T0709,C00292,R020,10577,Croissant
T0710,C00003,R026,8420,Muffin
T0710,C00003,R026,11786,Scone
T0711,C00554,R025,8401,Latte
T0711,C00554,R025,9828,Scone
T0712,C00576,R001,11986,Americano
T0712,C00576,R001,7059,Espresso
T0713,C00993,R026,8202,Sandwich
T0713,C00993,R026,11228,Cappuccino
T0714,C00071,R012,11206,Croissant
T0714,C00071,R012,4922,Latte
T0714,C00071,R012,5151,Mocha
T0715,C00009,R002,8290,Mocha
T0715,C00009,R002,9954,Americano
T0716,C00692,R012,8837,Bagel
T0716,C00692,R012,8964,Mocha
T0717,C00831,R019,4874,Latte
T0717,C00831,R019,6999,Mocha
T0717,C00831,R019,3066,Bagel
T0718,C00725,R017,10941,Sandwich
T0718,C00725,R017,4930,Croissant
T0718,C00725,R017,8207,Muffin
T0719,C00205,R022,7143,Mocha
T0719,C00205,R022,9302,Americano
T0720,C00274,R022,10980,Scone
T0720,C00274,R022,4786,Bagel
T0720,C00274,R022,10914,Cappuccino
T0721,C00521,R029,5831,Bagel
T0721,C00521,R029,9266,Croissant
T0722,C00229,R001,10333,Sandwich
T0722,C00229,R001,9313,Croissant
T0723,C00134,R005,4778,Muffin
T0723,C00134,R005,10928,Cappuccino
T0724,C00728,R028,11055,Americano
T0724,C00728,R028,3867,Croissant
T0725,C00915,R016,3314,Latte
T0725,C00915,R016,10167,Bagel
T0725,C00915,R016,8870,Espresso
T0726,C00552,R025,9761,Americano
T0726,C00552,R025,10594,Cappuccino
T0727,C00907,R005,9851,Latte
T0727,C00907,R005,9744,Bagel
T0727,C00907,R005,5543,Sandwich
T0728,C00427,R001,3105,Croissant
T0728,C00427,R001,3370,Cappuccino
T0729,C00702,R026,7492,Sandwich
T0729,C00702,R026,9757,Croissant
T0729,C00702,R026,9702,Latte
T0730,C00478,R006,11149,Cappuccino
T0730,C00478,R006,4454,Latte
T0731,C00369,R014,9102,Muffin
T0731,C00369,R014,11054,Cappuccino
T0731,C00369,R014,5785,Americano
T0732,C00578,R003,5146,Croissant
T0732,C00578,R003,10724,Americano
T0733,C00805,R007,9842,Espresso
T0733,C00805,R007,3277,Sandwich
T0733,C00805,R007,6836,Scone
T0734,C00319,R011,5367,Espresso
T0734,C00319,R011,6685,Scone
T0734,C00319,R011,10180,Americano
T0735,C00254,R012,7082,Espresso
T0735,C00254,R012,6346,Bagel
T0735,C00254,R012,4191,Muffin
T0736,C00862,R008,7152,Scone
T0736,C00862,R008,8718,Americano
T0736,C00862,R008,4993,Muffin
T0737,C00322,R005,11929,Espresso
T0737,C00322,R005,6124,Croissant
T0737,C00322,R005,6235,Bagel
T0738,C00584,R009,5457,Muffin
T0738,C00584,R009,9657,Bagel
T0738,C00584,R009,11919,Cappuccino
T0739,C00558,R028,5240,Bagel
T0739,C00558,R028,9092,Americano
T0739,C00558,R028,11069,Espresso
T0740,C00199,R002,11366,Latte
T0740,C00199,R002,4976,Mocha
T0741,C00862,R025,9587,Americano
T0741,C00862,R025,11531,Mocha
T0742,C00197,R010,8442,Bagel
T0742,C00197,R010,3653,Latte
T0742,C00197,R010,9948,Croissant
T0743,C00297,R018,4403,Muffin
T0743,C00297,R018,9927,Sandwich
T0743,C00297,R018,10380,Latte
T0744,C00561,R018,11081,Scone
T0744,C00561,R018,8942,Croissant
T0744,C00561,R018,11287,Espresso
T0745,C00192,R005,3773,Cappuccino
T0745,C00192,R005,6946,Espresso
T0746,C00322,R017,8882,Cappuccino
T0746,C00322,R017,10340,Bagel
T0746,C00322,R017,8174,Croissant
T0747,C00203,R010,11295,Latte
T0747,C00203,R010,4586,Americano
T0748,C00510,R001,6950,Americano
T0748,C00510,R001,4155,Sandwich
T0749,C00844,R024,10253,Latte
T0749,C00844,R024,5221,Mocha
T0749,C00844,R024,3986,Croissant
T0750,C00649,R002,5219,Mocha
T0750,C00649,R002,4136,Espresso
T0751,C00786,R018,6025,Latte
T0751,C00786,R018,9696,Americano
T0752,C00603,R028,9672,Scone
T0752,C00603,R028,5072,Croissant
T0753,C00276,R013,5902,Americano
T0753,C00276,R013,3606,Mocha
T0754,C00030,R022,8959,Mocha
T0754,C00030,R022,7888,Cappuccino
T0754,C00030,R022,8030,Croissant
T0755,C00816,R016,5409,Espresso
T0755,C00816,R016,8161,Sandwich
T0756,C00937,R029,10948,Croissant
T0756,C00937,R029,11111,Muffin
T0756,C00937,R029,3236,Espresso
T0757,C00491,R029,11697,Americano
T0757,C00491,R029,9931,Scone
T0757,C00491,R029,5621,Sandwich
T0758,C00385,R003,7752,Cappuccino
T0758,C00385,R003,7146,Scone
T0758,C00385,R003,5771,Bagel
T0759,C00804,R024,11076,Espresso
T0759,C00804,R024,9260,Croissant
T0760,C00201,R003,9010,Bagel
T0760,C00201,R003,10382,Espresso
T0760,C00201,R003,6775,Latte
T0761,C00194,R016,7949,Americano
T0761,C00194,R016,8233,Croissant
T0761,C00194,R016,11366,Cappuccino
T0762,C00844,R029,3070,Espresso
T0762,C00844,R029,5939,Scone
T0763,C00668,R023,10811,Cappuccino
T0763,C00668,R023,7232,Scone
T0764,C00690,R029,8804,Americano
T0764,C00690,R029,8668,Cappuccino
T0765,C00861,R027,6651,Latte
T0765,C00861,R027,7144,Scone
T0765,C00861,R027,3429,Espresso
T0766,C00449,R024,11718,Cappuccino
T0766,C00449,R024,5442,Muffin
T0767,C00373,R023,9469,Espresso
T0767,C00373,R023,3131,Scone
T0768,C00116,R014,10165,Sandwich
T0768,C00116,R014,11643,Bagel
T0768,C00116,R014,5387,Cappuccino
T0769,C00570,R004,5791,Mocha
T0769,C00570,R004,5691,Scone
T0770,C00569,R024,8388,Cappuccino
T0770,C00569,R024,7034,Americano
T0770,C00569,R024,3625,Scone
T0771,C00249,R015,11945,Cappuccino
T0771,C00249,R015,6973,Mocha
T0772,C00422,R019,6118,Muffin
T0772,C00422,R019,9248,Americano
T0773,C00049,R018,3089,Mocha
T0773,C00049,R018,5818,Latte
T0774,C00250,R029,10541,Bagel
T0774,C00250,R029,9149,Espresso
T0775,C00465,R001,9740,Americano
T0775,C00465,R001,3051,Mocha
T0776,C00097,R011,7961,Muffin
T0776,C00097,R011,3847,Bagel
T0776,C00097,R011,11660,Mocha
T0777,C00439,R001,10680,Croissant
T0777,C00439,R001,4362,Scone
T0777,C00439,R001,9360,Cappuccino
T0778,C00974,R030,11383,Bagel
T0778,C00974,R030,3497,Scone
T0778,C00974,R030,3443,Croissant
T0779,C00007,R010,4635,Cappuccino
T0779,C00007,R010,3808,Croissant
T0779,C00007,R010,4532,Scone
T0780,C00066,R024,6256,Latte
T0780,C00066,R024,11260,Muffin
T0781,C00511,R004,8329,Latte
T0781,C00511,R004,8606,Croissant
T0782,C00332,R001,11073,Mocha
T0782,C00332,R001,6692,Scone
T0783,C00650,R009,7919,Americano
T0783,C00650,R009,10620,Bagel
T0784,C00705,R025,11208,Mocha
T0784,C00705,R025,5844,Latte
T0785,C00941,R021,4239,Espresso
T0785,C00941,R021,11948,Croissant
T0786,C00532,R024,11532,Scone
T0786,C00532,R024,3860,Espresso
T0787,C00855,R013,3509,Espresso
T0787,C00855,R013,11417,Cappuccino
T0788,C00937,R012,8754,Mocha
T0788,C00937,R012,11159,Latte
T0789,C00200,R013,10006,Espresso
T0789,C00200,R013,4788,Scone
T0789,C00200,R013,9564,Muffin
T0790,C00821,R015,7609,Sandwich
T0790,C00821,R015,11004,Bagel
T0790,C00821,R015,5441,Scone
T0791,C00787,R013,10162,Mocha
T0791,C00787,R013,4425,Latte
T0791,C00787,R013,8070,Bagel
T0792,C00415,R012,5724,Sandwich
T0792,C00415,R012,7243,Bagel
T0792,C00415,R012,9563,Espresso
T0793,C00540,R005,3783,Americano
T0793,C00540,R005,8249,Mocha
T0793,C00540,R005,8026,Muffin
T0794,C00667,R008,4440,Espresso
T0794,C00667,R008,8741,Cappuccino
T0794,C00667,R008,5120,Latte
T0795,C00066,R018,3098,Espresso
T0795,C00066,R018,10996,Cappuccino
T0796,C00278,R005,4234,Muffin
T0796,C00278,R005,9132,Croissant
T0797,C00217,R018,10838,Mocha
T0797,C00217,R018,4985,Espresso
T0798,C00232,R030,10476,Croissant
T0798,C00232,R030,3706,Bagel
T0798,C00232,R030,8215,Sandwich
T0799,C00906,R009,8897,Muffin
T0799,C00906,R009,11363,Cappuccino
T0800,C00474,R021,7163,Mocha
T0800,C00474,R021,5617,Cappuccino
T0801,C00498,R017,3594,Sandwich
T0801,C00498,R017,4246,Croissant
T0802,C00639,R016,4211,Bagel
T0802,C00639,R016,8801,Scone
T0802,C00639,R016,6879,Mocha
T0803,C00519,R018,6785,Americano
T0803,C00519,R018,4228,Muffin
T0803,C00519,R018,5124,Bagel
T0804,C00497,R023,6794,Bagel
T0804,C00497,R023,10878,Mocha
T0804,C00497,R023,6778,Muffin
T0805,C00201,R030,10601,Latte
T0805,C00201,R030,4875,Mocha
T0805,C00201,R030,7101,Bagel
T0806,C00018,R012,10876,Sandwich
T0806,C00018,R012,11724,Muffin
T0806,C00018,R012,11216,Cappuccino
T0807,C00954,R024,3741,Sandwich
T0807,C00954,R024,3706,Croissant
T0808,C00006,R024,7490,Croissant
T0808,C00006,R024,6064,Espresso
T0808,C00006,R024,6525,Mocha
T0809,C00938,R016,3259,Scone
T0809,C00938,R016,7019,Mocha
T0809,C00938,R016,6698,Muffin
T0810,C00457,R024,11701,Latte
T0810,C00457,R024,9698,Muffin
T0810,C00457,R024,9447,Scone
T0811,C00224,R003,9413,Muffin
T0811,C00224,R003,5010,Scone
T0812,C00486,R016,8276,Croissant
T0812,C00486,R016,9773,Sandwich
T0812,C00486,R016,4616,Cappuccino
T0813,C00419,R001,4375,Scone
T0813,C00419,R001,3293,Latte
T0813,C00419,R001,9828,Bagel
T0814,C00723,R009,5723,Scone
T0814,C00723,R009,6077,Bagel
T0815,C00590,R009,9428,Bagel
T0815,C00590,R009,10650,Scone
T0816,C00233,R013,4798,Bagel
T0816,C00233,R013,11811,Scone
T0816,C00233,R013,10662,Muffin
T0817,C00427,R017,8291,Scone
T0817,C00427,R017,5327,Bagel
T0818,C00068,R002,3202,Americano
T0818,C00068,R002,6618,Mocha
T0819,C00254,R011,7167,Bagel
T0819,C00254,R011,8418,Scone
T0820,C00323,R015,9294,Bagel
T0820,C00323,R015,6264,Sandwich
T0821,C00376,R029,7679,Latte
T0821,C00376,R029,3015,Muffin
T0821,C00376,R029,6152,Cappuccino
T0822,C00049,R019,5782,Scone
T0822,C00049,R019,9225,Latte
T0823,C00801,R020,3557,Espresso
T0823,C00801,R020,4623,Sandwich
T0823,C00801,R020,3517,Scone
T0824,C00605,R006,5626,Sandwich
T0824,C00605,R006,7093,Mocha
T0825,C00826,R003,10215,Scone
T0825,C00826,R003,6203,Americano
T0825,C00826,R003,5181,Bagel
T0826,C00405,R029,7185,Sandwich
T0826,C00405,R029,3378,Scone
T0827,C00944,R023,6286,Latte
T0827,C00944,R023,9654,Bagel
T0827,C00944,R023,4455,Croissant
T0828,C00047,R004,4131,Espresso
T0828,C00047,R004,10861,Muffin
T0829,C00296,R003,11612,Bagel
T0829,C00296,R003,5711,Mocha
T0830,C00891,R021,3824,Cappuccino
T0830,C00891,R021,4819,Americano
T0831,C00148,R015,3378,Mocha
T0831,C00148,R015,8302,Scone
T0831,C00148,R015,7359,Americano
T0832,C00609,R018,3488,Cappuccino
T0832,C00609,R018,5468,Latte
T0832,C00609,R018,5684,Americano
T0833,C00461,R020,3969,Espresso
T0833,C00461,R020,3765,Scone
T0834,C00277,R025,9641,Croissant
T0834,C00277,R025,10530,Muffin
T0835,C00211,R029,8659,Scone
T0835,C00211,R029,4217,Americano
T0836,C00857,R019,8300,Latte
T0836,C00857,R019,3686,Croissant
T0837,C00284,R026,8518,Sandwich
T0837,C00284,R026,10464,Mocha
T0838,C00492,R015,10203,Muffin
T0838,C00492,R015,5309,Americano
T0838,C00492,R015,5410,Mocha
T0839,C00978,R020,11214,Americano
T0839,C00978,R020,6192,Bagel
T0839,C00978,R020,4357,Scone
T0840,C00438,R030,10410,Croissant
T0840,C00438,R030,4503,Espresso
T0841,C00560,R009,10489,Espresso
T0841,C00560,R009,8167,Sandwich
T0841,C00560,R009,8677,Americano
T0842,C00458,R001,7417,Espresso
T0842,C00458,R001,6536,Cappuccino
T0842,C00458,R001,5933,Croissant
T0843,C00536,R011,6918,Latte
T0843,C00536,R011,5011,Espresso
T0844,C00254,R009,3454,Scone
T0844,C00254,R009,7810,Bagel
T0844,C00254,R009,8648,Croissant
T0845,C00210,R007,6809,Cappuccino
T0845,C00210,R007,6612,Scone
T0845,C00210,R007,10793,Americano
T0846,C00094,R024,5752,Sandwich
T0846,C00094,R024,9638,Scone
T0847,C00775,R004,3152,Latte
T0847,C00775,R004,10348,Muffin
T0847,C00775,R004,7992,Cappuccino
T0848,C00648,R024,3659,Bagel
T0848,C00648,R024,10328,Muffin
T0848,C00648,R024,8746,Sandwich
T0849,C00565,R007,4606,Cappuccino
T0849,C00565,R007,8186,Muffin
T0849,C00565,R007,4189,Mocha
T0850,C00771,R030,8764,Muffin
T0850,C00771,R030,6085,Bagel
T0850,C00771,R030,4201,Latte
T0851,C00369,R009,6731,Sandwich
T0851,C00369,R009,3303,Mocha
T0851,C00369,R009,5282,Espresso
T0852,C00118,R007,4942,Croissant
T0852,C00118,R007,8781,Espresso
T0853,C00536,R026,6336,Bagel
T0853,C00536,R026,6517,Americano
T0854,C00450,R011,7711,Mocha
T0854,C00450,R011,6470,Bagel
T0854,C00450,R011,4204,Sandwich
T0855,C00024,R011,5917,Mocha
T0855,C00024,R011,10557,Bagel
T0855,C00024,R011,8734,Scone
T0856,C00816,R025,8370,Mocha
T0856,C00816,R025,5884,Scone
T0857,C00702,R004,6253,Muffin
T0857,C00702,R004,8042,Americano
T0857,C00702,R004,11986,Espresso
T0858,C00654,R027,11084,Mocha
T0858,C00654,R027,8457,Latte
T0858,C00654,R027,11495,Scone
T0859,C00177,R018,6768,Espresso
T0859,C00177,R018,3936,Sandwich
T0859,C00177,R018,8903,Muffin
T0860,C00862,R027,3828,Mocha
T0860,C00862,R027,9390,Latte
T0860,C00862,R027,9159,Sandwich
T0861,C00164,R011,4029,Americano
T0861,C00164,R011,11494,Croissant
T0861,C00164,R011,5842,Cappuccino
T0862,C00253,R023,11498,Muffin
T0862,C00253,R023,4323,Scone
T0863,C00817,R021,6545,Americano
T0863,C00817,R021,6561,Cappuccino
T0863,C00817,R021,5055,Mocha
T0864,C00092,R011,8791,Latte
T0864,C00092,R011,9472,Muffin
T0864,C00092,R011,4854,Sandwich
T0865,C00381,R009,5118,Mocha
T0865,C00381,R009,9247,Scone
T0866,C00098,R020,4634,Americano
T0866,C00098,R020,4510,Bagel
T0867,C00074,R019,7214,Espresso
T0867,C00074,R019,11815,Cappuccino
T0867,C00074,R019,9284,Croissant
T0868,C00893,R014,3863,Americano
T0868,C00893,R014,9517,Espresso
T0868,C00893,R014,11192,Mocha
T0869,C00620,R023,7630,Latte
T0869,C00620,R023,6825,Cappuccino
T0869,C00620,R023,5640,Muffin
T0870,C00284,R022,5644,Cappuccino
T0870,C00284,R022,5796,Croissant
T0871,C00705,R021,7801,Latte
T0871,C00705,R021,8123,Cappuccino
T0872,C00997,R029,9458,Mocha
T0872,C00997,R029,8441,Croissant
T0872,C00997,R029,11367,Americano
T0873,C00819,R030,6434,Bagel
T0873,C00819,R030,8837,Croissant
T0874,C00437,R015,10463,Croissant
T0874,C00437,R015,8141,Bagel
T0874,C00437,R015,3053,Cappuccino
T0875,C00477,R027,6108,Muffin
T0875,C00477,R027,11592,Cappuccino
T0875,C00477,R027,11389,Scone
T0876,C00356,R012,9829,Sandwich
T0876,C00356,R012,4468,Muffin
T0877,C00319,R030,6396,Sandwich
T0877,C00319,R030,7774,Americano
T0878,C00847,R008,6425,Cappuccino
T0878,C00847,R008,5972,Sandwich
T0878,C00847,R008,10634,Scone
T0879,C00433,R005,9850,Scone
T0879,C00433,R005,6793,Bagel
T0880,C00379,R004,6492,Cappuccino
T0880,C00379,R004,5413,Scone
T0881,C00701,R004,8569,Sandwich
T0881,C00701,R004,5631,Espresso
T0882,C00314,R004,5191,Croissant
T0882,C00314,R004,3043,Espresso
T0882,C00314,R004,8853,Bagel
T0883,C00821,R010,7437,Mocha
T0883,C00821,R010,7496,Croissant
T0884,C00315,R001,7227,Scone
T0884,C00315,R001,3445,Sandwich
T0885,C00178,R008,10126,Croissant
T0885,C00178,R008,11519,Cappuccino
T0886,C00009,R018,8017,Mocha
T0886,C00009,R018,5566,Sandwich
T0887,C00287,R021,4160,Latte
T0887,C00287,R021,7992,Espresso
T0888,C00741,R013,7003,Scone
T0888,C00741,R013,6898,Muffin
T0888,C00741,R013,3052,Croissant
T0889,C00916,R022,11424,Americano
T0889,C00916,R022,9378,Muffin
T0890,C00433,R024,4723,Sandwich
T0890,C00433,R024,9731,Bagel
T0890,C00433,R024,4841,Americano
T0891,C00467,R001,8231,Bagel
T0891,C00467,R001,5874,Mocha
T0891,C00467,R001,8157,Latte
T0892,C00748,R029,8963,Scone
T0892,C00748,R029,10435,Cappuccino
T0893,C00570,R025,5013,Americano
T0893,C00570,R025,10941,Muffin
T0894,C00850,R015,6101,Americano
T0894,C00850,R015,4352,Croissant
T0895,C00686,R020,6676,Mocha
T0895,C00686,R020,11557,Cappuccino
T0896,C00547,R029,7996,Scone
T0896,C00547,R029,11275,Sandwich
T0896,C00547,R029,11543,Cappuccino
T0897,C00615,R007,4890,Espresso
T0897,C00615,R007,11784,Muffin
T0898,C00772,R005,4534,Cappuccino
T0898,C00772,R005,5367,Mocha
T0899,C00299,R012,9928,Muffin
T0899,C00299,R012,10624,Cappuccino
T0899,C00299,R012,9569,Scone
T0900,C00545,R004,3843,Scone
T0900,C00545,R004,9789,Muffin
T0900,C00545,R004,9903,Croissant
T0901,C00369,R021,10253,Croissant
T0901,C00369,R021,6582,Mocha
T0902,C00983,R023,3604,Latte
T0902,C00983,R023,9855,Scone
T0903,C00634,R018,4480,Latte
T0903,C00634,R018,7065,Croissant
T0903,C00634,R018,5162,Cappuccino
T0904,C00348,R018,6523,Bagel
T0904,C00348,R018,7126,Muffin
T0905,C00238,R030,6660,Americano
T0905,C00238,R030,9154,Scone
T0906,C00480,R025,8204,Croissant
T0906,C00480,R025,4982,Scone
T0907,C00142,R020,3879,Scone
T0907,C00142,R020,9734,Bagel
T0907,C00142,R020,3890,Muffin
T0908,C00524,R025,9402,Cappuccino
T0908,C00524,R025,3895,Americano
T0909,C00756,R026,6379,Americano
T0909,C00756,R026,4053,Cappuccino
T0909,C00756,R026,8405,Espresso
T0910,C00014,R014,4783,Scone
T0910,C00014,R014,4497,Americano
T0911,C00197,R015,10793,Americano
T0911,C00197,R015,11603,Scone
T0911,C00197,R015,5969,Mocha
T0912,C00230,R029,9541,Americano
T0912,C00230,R029,3377,Mocha
T0912,C00230,R029,11573,Cappuccino
T0913,C00117,R007,7568,Scone
T0913,C00117,R007,5566,Latte
T0914,C00870,R030,5750,Scone
T0914,C00870,R030,8188,Cappuccino
T0914,C00870,R030,8724,Americano
T0915,C00494,R014,7280,Bagel
T0915,C00494,R014,8550,Latte
T0915,C00494,R014,7006,Cappuccino
T0916,C00033,R016,10964,Latte
T0916,C00033,R016,11130,Croissant
T0916,C00033,R016,9950,Cappuccino
T0917,C00885,R002,3724,Muffin
T0917,C00885,R002,5259,Mocha
T0917,C00885,R002,5753,Bagel
T0918,C00948,R030,4406,Muffin
T0918,C00948,R030,3917,Mocha
T0919,C00276,R001,9486,Cappuccino
T0919,C00276,R001,5078,Croissant
T0919,C00276,R001,5749,Sandwich
T0920,C00262,R027,5580,Cappuccino
T0920,C00262,R027,4655,Latte
T0920,C00262,R027,9964,Sandwich
T0921,C00211,R016,6868,Bagel
T0921,C00211,R016,9627,Latte
T0921,C00211,R016,5041,Croissant
T0922,C00437,R017,6948,Latte
T0922,C00437,R017,6332,Scone
T0923,C00361,R020,3329,Mocha
T0923,C00361,R020,6196,Cappuccino
T0923,C00361,R020,3497,Bagel
T0924,C00772,R012,7372,Bagel
T0924,C00772,R012,8480,Americano
T0924,C00772,R012,7228,Latte
T0925,C00151,R012,6373,Muffin
T0925,C00151,R012,8893,Croissant
T0925,C00151,R012,8850,Sandwich
T0926,C00153,R003,5595,Muffin
T0926,C00153,R003,5831,Americano
T0927,C00671,R013,5468,Cappuccino
T0927,C00671,R013,11732,Muffin
T0927,C00671,R013,11217,Scone
T0928,C00446,R005,7615,Mocha
T0928,C00446,R005,7241,Espresso
T0928,C00446,R005,10813,Scone
T0929,C00796,R004,8248,Sandwich
T0929,C00796,R004,7553,Cappuccino
T0929,C00796,R004,10534,Muffin
T0930,C00912,R009,6119,Bagel
T0930,C00912,R009,10416,Espresso
T0930,C00912,R009,8607,Cappuccino
T0931,C00083,R029,5095,Mocha
T0931,C00083,R029,11059,Espresso
T0931,C00083,R029,4114,Muffin
T0932,C00100,R021,6503,Cappuccino
T0932,C00100,R021,7254,Mocha
T0933,C00322,R025,4783,Latte
T0933,C00322,R025,9961,Bagel
T0934,C00342,R028,10667,Mocha
T0934,C00342,R028,5399,Muffin
T0934,C00342,R028,8971,Bagel
T0935,C00915,R026,4123,Sandwich
T0935,C00915,R026,10770,Bagel
T0936,C00998,R022,6516,Americano
T0936,C00998,R022,7650,Mocha
T0937,C00718,R013,3095,Cappuccino
T0937,C00718,R013,9897,Muffin
T0938,C00112,R002,6173,Espresso
T0938,C00112,R002,9574,Bagel
T0938,C00112,R002,3738,Cappuccino
T0939,C00680,R018,3162,Scone
T0939,C00680,R018,6155,Cappuccino
T0939,C00680,R018,9380,Mocha
T0940,C00365,R003,6412,Americano
T0940,C00365,R003,9033,Bagel
T0941,C00002,R019,8270,Croissant
T0941,C00002,R019,4402,Sandwich
T0942,C00071,R003,7130,Croissant
T0942,C00071,R003,9897,Cappuccino
T0943,C00022,R020,10090,Muffin
T0943,C00022,R020,9028,Croissant
T0943,C00022,R020,5947,Cappuccino
T0944,C00610,R008,4320,Croissant
T0944,C00610,R008,7882,Espresso
T0945,C00098,R019,6169,Americano
T0945,C00098,R019,3667,Scone
T0946,C01000,R009,7854,Latte
T0946,C01000,R009,3507,Scone
T0947,C00290,R019,5172,Muffin
T0947,C00290,R019,10308,Cappuccino
T0947,C00290,R019,11781,Sandwich
T0948,C00077,R018,5573,Mocha
T0948,C00077,R018,7930,Cappuccino
T0949,C00184,R013,5232,Muffin
T0949,C00184,R013,9565,Scone
T0950,C00135,R002,5155,Bagel
T0950,C00135,R002,4661,Sandwich
T0950,C00135,R002,4312,Mocha
T0951,C00156,R014,7173,Bagel
T0951,C00156,R014,8418,Sandwich
T0951,C00156,R014,10679,Croissant
T0952,C00062,R023,6293,Americano
T0952,C00062,R023,10773,Scone
T0952,C00062,R023,11904,Latte
T0953,C00317,R023,11101,Americano
T0953,C00317,R023,4044,Scone
T0954,C00713,R004,6949,Mocha
T0954,C00713,R004,5123,Croissant
T0955,C00969,R002,3789,Scone
T0955,C00969,R002,4116,Americano
T0956,C00976,R030,4780,Espresso
T0956,C00976,R030,7127,Cappuccino
T0956,C00976,R030,8266,Sandwich
T0957,C00214,R026,6439,Mocha
T0957,C00214,R026,11465,Sandwich
T0958,C00462,R013,5881,Muffin
T0958,C00462,R013,6488,Cappuccino
T0958,C00462,R013,3368,Sandwich
T0959,C00363,R004,4716,Bagel
T0959,C00363,R004,6884,Latte
T0959,C00363,R004,7335,Cappuccino
T0960,C00615,R021,4355,Latte
T0960,C00615,R021,6799,Mocha
T0961,C00722,R020,7310,Sandwich
T0961,C00722,R020,11730,Croissant
T0962,C00072,R024,7846,Cappuccino
T0962,C00072,R024,5518,Americano
T0962,C00072,R024,4522,Sandwich
T0963,C00444,R011,9961,Muffin
T0963,C00444,R011,7645,Bagel
T0964,C00077,R006,9538,Bagel
T0964,C00077,R006,5183,Espresso
T0965,C00094,R028,5515,Espresso
T0965,C00094,R028,5604,Latte
T0965,C00094,R028,8267,Sandwich
T0966,C00496,R026,6696,Latte
T0966,C00496,R026,4679,Sandwich
T0966,C00496,R026,4856,Muffin
T0967,C00366,R008,10592,Latte
T0967,C00366,R008,4295,Espresso
T0967,C00366,R008,7590,Scone
T0968,C00920,R012,4951,Espresso
T0968,C00920,R012,9460,Scone
T0969,C00178,R018,11109,Espresso
T0969,C00178,R018,11637,Sandwich
T0969,C00178,R018,4957,Muffin
T0970,C00025,R004,8363,Espresso
T0970,C00025,R004,10506,Bagel
T0970,C00025,R004,5545,Croissant
T0971,C00928,R010,6820,Bagel
T0971,C00928,R010,4981,Scone
T0971,C00928,R010,8272,Croissant
T0972,C00270,R015,4756,Latte
T0972,C00270,R015,3224,Sandwich
T0972,C00270,R015,9591,Cappuccino
T0973,C00039,R016,5294,Mocha
T0973,C00039,R016,10296,Muffin
T0974,C00047,R007,9845,Americano
T0974,C00047,R007,6573,Bagel
T0975,C00741,R021,10404,Scone
T0975,C00741,R021,7316,Mocha
T0976,C00292,R030,5108,Scone
T0976,C00292,R030,3837,Espresso
T0977,C00274,R016,5042,Bagel
T0977,C00274,R016,9724,Sandwich
T0978,C00545,R015,5717,Espresso
T0978,C00545,R015,10123,Croissant
T0979,C00978,R005,7437,Croissant
T0979,C00978,R005,10366,Espresso
T0980,C00870,R004,4695,Latte
T0980,C00870,R004,5671,Espresso
T0981,C00691,R004,9938,Muffin
T0981,C00691,R004,11779,Americano
T0982,C00469,R010,7210,Croissant
T0982,C00469,R010,4666,Latte
T0983,C00189,R013,8763,Sandwich
T0983,C00189,R013,7234,Cappuccino
T0984,C00524,R012,7476,Muffin
T0984,C00524,R012,9357,Croissant
T0984,C00524,R012,9786,Mocha
T0985,C00460,R018,5781,Cappuccino
T0985,C00460,R018,9372,Espresso
T0986,C00295,R011,6105,Cappuccino
T0986,C00295,R011,4543,Latte
T0986,C00295,R011,8297,Mocha
T0987,C00160,R004,11163,Mocha
T0987,C00160,R004,7570,Bagel
T0988,C00188,R005,6172,Cappuccino
T0988,C00188,R005,3146,Mocha
T0988,C00188,R005,8390,Espresso
T0989,C00943,R011,3394,Mocha
T0989,C00943,R011,10245,Cappuccino
T0990,C00769,R022,10917,Espresso
T0990,C00769,R022,7743,Scone
T0990,C00769,R022,4493,Croissant
T0991,C00612,R005,8658,Sandwich
T0991,C00612,R005,9997,Latte
T0991,C00612,R005,3205,Mocha
T0992,C00396,R016,4430,Scone
T0992,C00396,R016,6586,Americano
T0992,C00396,R016,4905,Latte
T0993,C00336,R019,4564,Latte
T0993,C00336,R019,4043,Cappuccino
T0994,C00904,R016,11740,Bagel
T0994,C00904,R016,8787,Croissant
T0994,C00904,R016,3587,Muffin
T0995,C00723,R008,5705,Sandwich
T0995,C00723,R008,10368,Americano
T0995,C00723,R008,7905,Mocha
T0996,C00917,R008,8742,Bagel
T0996,C00917,R008,5484,Espresso
T0996,C00917,R008,5035,Sandwich
T0997,C00493,R007,6955,Sandwich
T0997,C00493,R007,4913,Espresso
T0997,C00493,R007,10559,Muffin
T0998,C00562,R028,3218,Americano
T0998,C00562,R028,10924,Sandwich
T0999,C00658,R004,6114,Mocha
T0999,C00658,R004,3087,Bagel
T0999,C00658,R004,3014,Scone
T1000,C00521,R027,3491,Sandwich
T1000,C00521,R027,11854,Cappuccino
T1001,C00392,R020,10241,Americano
T1001,C00392,R020,10080,Croissant
T1002,C00605,R002,5742,Americano
T1002,C00605,R002,11232,Muffin
T1003,C00622,R001,10443,Sandwich
T1003,C00622,R001,11796,Muffin
T1004,C00195,R027,8172,Espresso
T1004,C00195,R027,11187,Mocha
T1005,C00452,R019,8567,Scone
T1005,C00452,R019,11317,Sandwich
T1005,C00452,R019,10548,Muffin
T1006,C00407,R014,11236,Americano
T1006,C00407,R014,3302,Cappuccino
T1007,C00724,R023,9809,Scone
T1007,C00724,R023,11189,Cappuccino
T1008,C00925,R021,3502,Bagel
T1008,C00925,R021,9762,Mocha
T1008,C00925,R021,10787,Latte
T1009,C00604,R010,11374,Scone
T1009,C00604,R010,10570,Espresso
T1009,C00604,R010,6162,Muffin
T1010,C00613,R024,4039,Muffin
T1010,C00613,R024,3808,Espresso
T1011,C00485,R023,10121,Croissant
T1011,C00485,R023,4856,Espresso
T1011,C00485,R023,6717,Scone
T1012,C00567,R019,3322,Bagel
T1012,C00567,R019,4174,Cappuccino
T1012,C00567,R019,7816,Croissant
T1013,C00234,R002,8532,Scone
T1013,C00234,R002,4346,Sandwich
T1013,C00234,R002,4745,Cappuccino
T1014,C00371,R024,3516,Croissant
T1014,C00371,R024,7611,Americano
T1014,C00371,R024,10211,Scone
T1015,C00283,R023,3849,Bagel
T1015,C00283,R023,10109,Cappuccino
T1016,C00053,R015,4922,Espresso
T1016,C00053,R015,7011,Americano
T1017,C00649,R020,7265,Sandwich
T1017,C00649,R020,11455,Scone
T1018,C00727,R017,11296,Cappuccino
T1018,C00727,R017,5688,Croissant
T1019,C00118,R006,10208,Croissant
T1019,C00118,R006,11567,Sandwich
T1020,C00972,R027,4549,Mocha
T1020,C00972,R027,11429,Muffin
T1020,C00972,R027,6061,Bagel
T1021,C00363,R010,11056,Croissant
T1021,C00363,R010,11433,Sandwich
T1022,C00098,R007,5891,Muffin
T1022,C00098,R007,10102,Bagel
T1022,C00098,R007,4432,Americano
T1023,C00494,R018,6766,Sandwich
T1023,C00494,R018,5965,Scone
T1024,C00649,R014,3978,Sandwich
T1024,C00649,R014,9618,Cappuccino
T1024,C00649,R014,11382,Scone
T1025,C00404,R011,9679,Cappuccino
T1025,C00404,R011,7176,Espresso
T1025,C00404,R011,8710,Sandwich
T1026,C00485,R030,7749,Scone
T1026,C00485,R030,11988,Sandwich
T1027,C00256,R022,10236,Americano
T1027,C00256,R022,11627,Cappuccino
T1028,C00097,R013,3684,Americano
T1028,C00097,R013,6899,Muffin
T1029,C00469,R027,8227,Scone
T1029,C00469,R027,11567,Americano
T1030,C00651,R025,10567,Espresso
T1030,C00651,R025,11845,Americano
T1030,C00651,R025,4203,Bagel
T1031,C00581,R019,7552,Mocha
T1031,C00581,R019,6891,Espresso
T1032,C00674,R005,11460,Americano
T1032,C00674,R005,8669,Muffin
T1032,C00674,R005,11234,Sandwich
T1033,C00760,R018,7580,Croissant
T1033,C00760,R018,7222,Americano
T1034,C00427,R017,6188,Muffin
T1034,C00427,R017,10639,Cappuccino
T1034,C00427,R017,8458,Croissant
T1035,C00302,R027,11241,Muffin
T1035,C00302,R027,6371,Croissant
T1036,C00944,R002,6255,Cappuccino
T1036,C00944,R002,4343,Mocha
T1036,C00944,R002,9389,Sandwich
T1037,C00458,R023,6548,Cappuccino
T1037,C00458,R023,10470,Scone
T1037,C00458,R023,4042,Latte
T1038,C00642,R020,4346,Mocha
T1038,C00642,R020,3776,Americano
T1038,C00642,R020,5879,Muffin
T1039,C00704,R001,10963,Bagel
T1039,C00704,R001,10640,Scone
T1040,C00140,R001,10785,Espresso
T1040,C00140,R001,6381,Americano
T1041,C00977,R030,8696,Croissant
T1041,C00977,R030,8107,Americano
T1042,C00876,R026,3362,Scone
T1042,C00876,R026,5041,Bagel
T1042,C00876,R026,9785,Espresso
T1043,C00864,R024,8883,Bagel
T1043,C00864,R024,7322,Muffin
T1044,C00592,R010,11162,Scone
T1044,C00592,R010,7480,Latte
T1044,C00592,R010,8621,Sandwich
T1045,C00486,R012,6607,Muffin
T1045,C00486,R012,7626,Bagel
T1046,C00302,R012,7151,Muffin
T1046,C00302,R012,8533,Sandwich
T1046,C00302,R012,5449,Espresso
T1047,C00727,R015,8869,Latte
T1047,C00727,R015,3389,Americano
T1048,C00672,R013,8768,Latte
T1048,C00672,R013,11517,Muffin
T1049,C00415,R019,3146,Americano
T1049,C00415,R019,7551,Scone
T1050,C00638,R013,8632,Scone
T1050,C00638,R013,8430,Sandwich
T1050,C00638,R013,3978,Latte
T1051,C00032,R001,5514,Sandwich
T1051,C00032,R001,9645,Bagel
T1051,C00032,R001,8949,Americano
T1052,C00268,R024,9558,Cappuccino
T1052,C00268,R024,10707,Croissant
T1053,C00915,R017,3905,Scone
T1053,C00915,R017,5246,Bagel
T1053,C00915,R017,6030,Latte
T1054,C00544,R003,11757,Croissant
T1054,C00544,R003,7736,Scone
T1054,C00544,R003,4657,Americano
T1055,C00251,R017,9273,Espresso
T1055,C00251,R017,10111,Muffin
T1056,C00395,R008,9531,Espresso
T1056,C00395,R008,9259,Mocha
T1057,C00099,R021,4690,Croissant
T1057,C00099,R021,3872,Scone
T1057,C00099,R021,9651,Mocha
T1058,C00283,R018,4059,Latte
T1058,C00283,R018,11871,Bagel
T1059,C00268,R008,5384,Muffin
T1059,C00268,R008,8634,Americano
T1059,C00268,R008,9030,Sandwich
T1060,C00939,R013,4094,Bagel
T1060,C00939,R013,6347,Latte
T1061,C00578,R016,4987,Mocha
T1061,C00578,R016,11806,Scone
T1061,C00578,R016,3027,Latte
T1062,C00718,R020,10997,Bagel
T1062,C00718,R020,6306,Croissant
T1062,C00718,R020,9837,Scone
T1063,C00656,R016,4496,Scone
T1063,C00656,R016,4234,Muffin
T1064,C00017,R002,11316,Scone
T1064,C00017,R002,10276,Espresso
T1065,C00911,R004,11702,Cappuccino
T1065,C00911,R004,3709,Latte
T1065,C00911,R004,7672,Americano
T1066,C00449,R015,9621,Latte
T1066,C00449,R015,3862,Scone
T1066,C00449,R015,3005,Cappuccino
T1067,C00944,R021,5437,Croissant
T1067,C00944,R021,7444,Latte
T1067,C00944,R021,11458,Muffin
T1068,C00943,R008,6096,Scone
T1068,C00943,R008,9982,Muffin
T1068,C00943,R008,9748,Croissant
T1069,C00513,R028,10169,Croissant
T1069,C00513,R028,10812,Muffin
T1069,C00513,R028,6737,Scone
T1070,C00499,R023,5603,Bagel
T1070,C00499,R023,3487,Mocha
T1070,C00499,R023,10150,Espresso
T1071,C00627,R030,4085,Cappuccino
T1071,C00627,R030,5466,Sandwich
T1071,C00627,R030,11338,Bagel
T1072,C00756,R014,10583,Americano
T1072,C00756,R014,11537,Mocha
T1072,C00756,R014,10899,Cappuccino
T1073,C00530,R023,11933,Americano
T1073,C00530,R023,4835,Mocha
T1074,C00126,R022,8584,Croissant
T1074,C00126,R022,10487,Mocha
T1074,C00126,R022,7828,Sandwich
T1075,C00500,R026,11809,Sandwich
T1075,C00500,R026,4858,Espresso
T1076,C00577,R008,11976,Mocha
T1076,C00577,R008,9428,Bagel
T1076,C00577,R008,9570,Latte
T1077,C00334,R022,7259,Scone
T1077,C00334,R022,9956,Cappuccino
T1078,C00654,R007,5793,Espresso
T1078,C00654,R007,3511,Bagel
T1078,C00654,R007,11037,Scone
T1079,C00719,R007,4419,Mocha
T1079,C00719,R007,10269,Latte
T1079,C00719,R007,8807,Muffin
T1080,C00796,R013,5356,Muffin
T1080,C00796,R013,5943,Latte
T1081,C00139,R011,6147,Scone
T1081,C00139,R011,11035,Latte
T1081,C00139,R011,6031,Sandwich
T1082,C00691,R024,6229,Americano
T1082,C00691,R024,8737,Cappuccino
T1083,C00790,R018,5533,Mocha
T1083,C00790,R018,3365,Muffin
T1083,C00790,R018,3417,Espresso
T1084,C00213,R019,9167,Latte
T1084,C00213,R019,4564,Bagel
T1085,C00533,R027,11824,Scone
T1085,C00533,R027,11698,Cappuccino
T1086,C00728,R023,3110,Muffin
T1086,C00728,R023,6448,Scone
T1086,C00728,R023,3771,Bagel
T1087,C00515,R015,6090,Sandwich
T1087,C00515,R015,7695,Muffin
T1088,C00048,R027,3951,Bagel
T1088,C00048,R027,11513,Muffin
T1089,C00024,R026,4725,Bagel
T1089,C00024,R026,8698,Sandwich
T1089,C00024,R026,10836,Muffin
T1090,C00676,R006,6000,Scone
T1090,C00676,R006,9433,Latte
T1091,C00160,R024,8044,Mocha
T1091,C00160,R024,4651,Latte
T1091,C00160,R024,3288,Cappuccino
T1092,C00144,R008,10058,Croissant
T1092,C00144,R008,8832,Cappuccino
T1093,C00405,R009,6347,Latte
T1093,C00405,R009,4754,Bagel
T1094,C00129,R012,7394,Croissant
T1094,C00129,R012,3576,Bagel
T1094,C00129,R012,7556,Sandwich
T1095,C00751,R030,4576,Bagel
T1095,C00751,R030,10929,Americano
T1096,C00013,R005,8506,Mocha
T1096,C00013,R005,9120,Americano
T1096,C00013,R005,3711,Latte
T1097,C00512,R006,7825,Mocha
T1097,C00512,R006,8958,Cappuccino
T1097,C00512,R006,11569,Muffin
T1098,C00458,R006,5653,Latte
T1098,C00458,R006,10696,Americano
T1099,C00702,R010,3094,Croissant
T1099,C00702,R010,11694,Cappuccino
T1100,C00732,R026,4037,Latte
T1100,C00732,R026,8137,Bagel
T1101,C00227,R007,8485,Croissant
T1101,C00227,R007,9493,Muffin
T1101,C00227,R007,8788,Bagel
T1102,C00954,R028,6304,Americano
T1102,C00954,R028,6975,Sandwich
T1102,C00954,R028,11896,Muffin
T1103,C00536,R018,10956,Americano
T1103,C00536,R018,3434,Mocha
T1103,C00536,R018,4493,Bagel
T1104,C00842,R014,8393,Bagel
T1104,C00842,R014,3414,Cappuccino
T1104,C00842,R014,6766,Mocha
T1105,C00881,R028,4553,Bagel
T1105,C00881,R028,5060,Scone
T1105,C00881,R028,4962,Croissant
T1106,C00154,R018,7379,Latte
T1106,C00154,R018,8617,Espresso
T1106,C00154,R018,7258,Muffin
T1107,C00516,R010,3807,Bagel
T1107,C00516,R010,5623,Mocha
T1108,C00882,R015,4855,Mocha
T1108,C00882,R015,5850,Cappuccino
T1108,C00882,R015,7400,Sandwich
T1109,C00433,R004,10070,Cappuccino
T1109,C00433,R004,6590,Croissant
T1110,C00722,R003,3778,Sandwich
T1110,C00722,R003,6476,Latte
T1111,C00101,R028,8748,Americano
T1111,C00101,R028,7697,Muffin
T1112,C00150,R026,3362,Latte
T1112,C00150,R026,10468,Mocha
T1112,C00150,R026,9825,Sandwich
T1113,C00596,R005,10758,Americano
T1113,C00596,R005,10194,Espresso
T1113,C00596,R005,3280,Cappuccino
T1114,C00744,R024,7666,Cappuccino
T1114,C00744,R024,11157,Espresso
T1114,C00744,R024,11502,Bagel
T1115,C00335,R026,4442,Americano
T1115,C00335,R026,10310,Latte
T1116,C00096,R001,8893,Muffin
T1116,C00096,R001,10562,Scone
T1117,C00099,R020,9260,Espresso
T1117,C00099,R020,9552,Americano
T1117,C00099,R020,6477,Sandwich
T1118,C00909,R006,11542,Cappuccino
T1118,C00909,R006,5863,Americano
T1119,C00115,R007,10962,Muffin
T1119,C00115,R007,7169,Bagel
T1119,C00115,R007,3078,Croissant
T1120,C00367,R024,9990,Sandwich
T1120,C00367,R024,5961,Cappuccino
T1120,C00367,R024,11991,Bagel
T1121,C00693,R020,11282,Croissant
T1121,C00693,R020,10555,Americano
T1121,C00693,R020,9485,Espresso
T1122,C00877,R004,4040,Sandwich
T1122,C00877,R004,5487,Croissant
T1123,C00461,R009,4904,Muffin
T1123,C00461,R009,10475,Bagel
T1123,C00461,R009,9060,Espresso
T1124,C00348,R005,6678,Mocha
T1124,C00348,R005,9402,Croissant
T1125,C00102,R005,5817,Muffin
T1125,C00102,R005,9055,Mocha
T1125,C00102,R005,3425,Latte
T1126,C00413,R010,3962,Cappuccino
T1126,C00413,R010,8655,Latte
T1126,C00413,R010,7943,Americano
T1127,C00598,R007,7562,Bagel
T1127,C00598,R007,9521,Scone
T1128,C00571,R003,11186,Espresso
T1128,C00571,R003,8204,Americano
T1129,C00177,R017,11020,Latte
T1129,C00177,R017,6294,Espresso
T1129,C00177,R017,3841,Mocha
T1130,C00189,R015,5256,Scone
T1130,C00189,R015,3833,Croissant
T1131,C00397,R016,9626,Mocha
T1131,C00397,R016,7006,Bagel
T1132,C00931,R006,8092,Mocha
T1132,C00931,R006,3336,Cappuccino
T1132,C00931,R006,5073,Americano
T1133,C00675,R024,3782,Americano
T1133,C00675,R024,9307,Sandwich
T1133,C00675,R024,6305,Latte
T1134,C00659,R010,9195,Espresso
T1134,C00659,R010,5552,Cappuccino
T1135,C00375,R013,7875,Bagel
T1135,C00375,R013,11489,Sandwich
T1135,C00375,R013,10308,Latte
T1136,C00525,R011,4379,Espresso
T1136,C00525,R011,3073,Sandwich
T1136,C00525,R011,5353,Cappuccino
T1137,C00647,R012,8023,Sandwich
T1137,C00647,R012,6570,Mocha
T1137,C00647,R012,3688,Latte
T1138,C00061,R006,10160,Cappuccino
T1138,C00061,R006,10446,Croissant
T1139,C00893,R003,4762,Sandwich
T1139,C00893,R003,6092,Scone
T1140,C00727,R022,9090,Espresso
T1140,C00727,R022,3046,Mocha
T1141,C00358,R011,3031,Scone
T1141,C00358,R011,6449,Muffin
T1142,C00131,R003,6184,Latte
T1142,C00131,R003,9552,Scone
T1142,C00131,R003,7259,Cappuccino
T1143,C00960,R011,8624,Latte
T1143,C00960,R011,9868,Cappuccino
T1143,C00960,R011,5583,Sandwich
T1144,C00633,R015,8949,Croissant
T1144,C00633,R015,3384,Cappuccino
T1145,C00469,R006,4582,Latte
T1145,C00469,R006,10283,Muffin
T1146,C00539,R018,8278,Latte
T1146,C00539,R018,7023,Bagel
T1147,C00122,R030,8668,Bagel
T1147,C00122,R030,4568,Croissant
T1148,C00660,R008,5855,Muffin
T1148,C00660,R008,3527,Mocha
T1149,C00129,R004,6411,Muffin
T1149,C00129,R004,3652,Scone
T1149,C00129,R004,4751,Croissant
T1150,C00957,R009,7942,Americano
T1150,C00957,R009,7857,Muffin
T1151,C00969,R027,3359,Croissant
T1151,C00969,R027,8598,Bagel
T1151,C00969,R027,11570,Mocha
T1152,C00433,R010,6988,Muffin
T1152,C00433,R010,4616,Scone
T1153,C00644,R006,10528,Sandwich
T1153,C00644,R006,11541,Mocha
T1154,C00191,R022,4758,Sandwich
T1154,C00191,R022,5000,Scone
T1155,C00469,R002,3027,Sandwich
T1155,C00469,R002,9757,Mocha
T1156,C00857,R017,4997,Scone
T1156,C00857,R017,11303,Americano
T1157,C00014,R016,5459,Muffin
T1157,C00014,R016,11587,Sandwich
T1158,C00617,R027,8774,Americano
T1158,C00617,R027,4434,Croissant
T1159,C00119,R017,9956,Mocha
T1159,C00119,R017,10792,Sandwich
T1160,C00041,R024,8047,Americano
T1160,C00041,R024,3514,Cappuccino
T1161,C00654,R008,9662,Scone
T1161,C00654,R008,11405,Latte
T1161,C00654,R008,3536,Cappuccino
T1162,C00034,R029,7064,Bagel
T1162,C00034,R029,5328,Latte
T1163,C00503,R012,11920,Bagel
T1163,C00503,R012,10065,Espresso
T1163,C00503,R012,6632,Muffin
T1164,C00288,R012,8137,Bagel
T1164,C00288,R012,8548,Scone
T1165,C00241,R016,5254,Scone
T1165,C00241,R016,3134,Muffin
T1166,C00281,R005,11762,Bagel
T1166,C00281,R005,6605,Cappuccino
T1166,C00281,R005,8568,Sandwich
T1167,C00134,R008,6998,Bagel
T1167,C00134,R008,10642,Espresso
T1167,C00134,R008,3823,Latte
T1168,C00315,R006,4696,Croissant
T1168,C00315,R006,8887,Muffin
T1169,C00220,R021,7864,Muffin
T1169,C00220,R021,6247,Bagel
T1170,C00400,R011,11412,Espresso
T1170,C00400,R011,9778,Muffin
T1171,C00139,R007,3236,Cappuccino
T1171,C00139,R007,3561,Scone
T1171,C00139,R007,9567,Latte
T1172,C00815,R022,5436,Cappuccino
T1172,C00815,R022,4859,Americano
T1172,C00815,R022,8756,Latte
T1173,C00517,R027,6159,Latte
T1173,C00517,R027,4665,Cappuccino
T1174,C00366,R012,8701,Espresso
T1174,C00366,R012,4105,Latte
T1174,C00366,R012,3740,Cappuccino
T1175,C00289,R028,7572,Americano
T1175,C00289,R028,7819,Latte
T1176,C00488,R016,7611,Muffin
T1176,C00488,R016,8821,Croissant
T1176,C00488,R016,6625,Latte
T1177,C00256,R020,3870,Sandwich
T1177,C00256,R020,3278,Croissant
T1178,C00040,R026,9547,Cappuccino
T1178,C00040,R026,11927,Mocha
T1179,C00857,R009,9644,Cappuccino
T1179,C00857,R009,6989,Americano
T1179,C00857,R009,7319,Bagel
T1180,C00079,R021,10028,Latte
T1180,C00079,R021,7781,Scone
T1180,C00079,R021,9101,Americano
T1181,C00442,R026,5845,Bagel
T1181,C00442,R026,11195,Muffin
T1182,C00646,R026,4970,Bagel
T1182,C00646,R026,9899,Espresso
T1182,C00646,R026,9991,Mocha
T1183,C00665,R028,6854,Latte
T1183,C00665,R028,8520,Bagel
T1183,C00665,R028,4242,Sandwich
T1184,C00612,R026,7024,Americano
T1184,C00612,R026,5569,Mocha
T1185,C00269,R021,11304,Scone
T1185,C00269,R021,5457,Espresso
T1185,C00269,R021,9963,Croissant
T1186,C00559,R006,9254,Sandwich
T1186,C00559,R006,6239,Croissant
T1187,C00807,R013,9585,Latte
T1187,C00807,R013,8282,Croissant
T1187,C00807,R013,11228,Mocha
T1188,C00126,R025,5360,Sandwich
T1188,C00126,R025,6339,Croissant
T1188,C00126,R025,4177,Cappuccino
T1189,C00056,R014,6523,Muffin
T1189,C00056,R014,10753,Sandwich
T1189,C00056,R014,3519,Croissant
T1190,C00791,R013,8081,Latte
T1190,C00791,R013,4665,Croissant
T1190,C00791,R013,11156,Bagel
T1191,C00268,R025,6705,Cappuccino
T1191,C00268,R025,6048,Latte
T1191,C00268,R025,10585,Bagel
T1192,C00781,R009,9877,Croissant
T1192,C00781,R009,3642,Americano
T1192,C00781,R009,10871,Bagel
T1193,C00561,R017,7284,Mocha
T1193,C00561,R017,8938,Sandwich
T1193,C00561,R017,8168,Croissant
T1194,C00148,R016,7712,Muffin
T1194,C00148,R016,11174,Cappuccino
T1195,C00023,R005,8141,Bagel
T1195,C00023,R005,6629,Sandwich
T1195,C00023,R005,9603,Croissant
T1196,C00826,R016,9030,Sandwich
T1196,C00826,R016,9311,Mocha
T1197,C00782,R002,9558,Muffin
T1197,C00782,R002,6140,Mocha
T1198,C00318,R008,3863,Cappuccino
T1198,C00318,R008,9321,Sandwich
T1198,C00318,R008,5672,Scone
T1199,C00170,R020,10734,Sandwich
T1199,C00170,R020,5521,Bagel
T1199,C00170,R020,4940,Espresso
T1200,C00307,R029,5682,Bagel
T1200,C00307,R029,7552,Americano
T1201,C00199,R021,5658,Muffin
T1201,C00199,R021,4617,Bagel
T1201,C00199,R021,3473,Sandwich
T1202,C00431,R024,6390,Latte
T1202,C00431,R024,7117,Scone
T1203,C00956,R018,6243,Scone
T1203,C00956,R018,8156,Americano
T1204,C00238,R014,11699,Cappuccino
T1204,C00238,R014,8175,Croissant
T1204,C00238,R014,10356,Muffin
T1205,C00373,R004,4229,Latte
T1205,C00373,R004,8574,Croissant
T1206,C00547,R013,3263,Bagel
T1206,C00547,R013,6708,Espresso
T1206,C00547,R013,3752,Scone
T1207,C00915,R022,11767,Croissant
T1207,C00915,R022,10983,Espresso
T1207,C00915,R022,9010,Americano
T1208,C00468,R007,7741,Americano
T1208,C00468,R007,5747,Croissant
T1209,C00911,R029,3668,Espresso
T1209,C00911,R029,7292,Croissant
T1210,C00087,R028,11322,Mocha
T1210,C00087,R028,4550,Scone
T1211,C00338,R029,4859,Croissant
T1211,C00338,R029,9667,Americano
T1212,C00035,R002,7002,Sandwich
T1212,C00035,R002,3886,Americano
T1213,C00327,R015,6857,Cappuccino
T1213,C00327,R015,9537,Espresso
T1214,C00857,R008,5128,Bagel
T1214,C00857,R008,6202,Latte
T1214,C00857,R008,7078,Americano
T1215,C00591,R015,10084,Muffin
T1215,C00591,R015,7665,Cappuccino
T1216,C00607,R026,9211,Croissant
T1216,C00607,R026,7795,Muffin
T1216,C00607,R026,4877,Cappuccino
T1217,C00194,R030,11817,Mocha
T1217,C00194,R030,10342,Bagel
T1217,C00194,R030,8864,Latte
T1218,C00001,R007,8634,Espresso
T1218,C00001,R007,10359,Cappuccino
T1219,C00977,R022,4934,Espresso
T1219,C00977,R022,11150,Cappuccino
T1219,C00977,R022,11752,Bagel
T1220,C00077,R026,10941,Mocha
T1220,C00077,R026,5582,Sandwich
T1220,C00077,R026,5600,Muffin
T1221,C00454,R019,8936,Latte
T1221,C00454,R019,9389,Bagel
T1221,C00454,R019,7617,Muffin
T1222,C00776,R011,10419,Espresso
T1222,C00776,R011,4804,Muffin
T1223,C00614,R025,4029,Espresso
T1223,C00614,R025,4931,Croissant
T1223,C00614,R025,8227,Latte
T1224,C00898,R015,5896,Americano
T1224,C00898,R015,3236,Espresso
T1225,C00234,R013,7402,Bagel
T1225,C00234,R013,10408,Cappuccino
T1225,C00234,R013,4435,Espresso
T1226,C00503,R029,3165,Scone
T1226,C00503,R029,5576,Latte
T1227,C00953,R026,6207,Americano
T1227,C00953,R026,8066,Bagel
T1228,C00848,R006,6646,Americano
T1228,C00848,R006,6291,Cappuccino
T1229,C00930,R001,11476,Espresso
T1229,C00930,R001,6642,Croissant
T1229,C00930,R001,9751,Bagel
T1230,C00222,R018,4882,Americano
T1230,C00222,R018,10557,Mocha
T1231,C00145,R028,3498,Croissant
T1231,C00145,R028,11392,Muffin
T1232,C00023,R025,4932,Latte
T1232,C00023,R025,3653,Cappuccino
T1232,C00023,R025,4359,Croissant
T1233,C00775,R011,6689,Scone
T1233,C00775,R011,6179,Espresso
T1234,C00885,R010,6160,Mocha
T1234,C00885,R010,9078,Americano
T1235,C00363,R002,7230,Americano
T1235,C00363,R002,7797,Mocha
T1236,C00255,R024,9945,Bagel
T1236,C00255,R024,4040,Croissant
T1237,C00826,R009,6328,Muffin
T1237,C00826,R009,9324,Americano
T1238,C00795,R021,9059,Sandwich
T1238,C00795,R021,4848,Espresso
T1239,C00807,R001,3640,Croissant
T1239,C00807,R001,5592,Cappuccino
T1239,C00807,R001,8612,Sandwich
T1240,C00440,R015,11732,Bagel
T1240,C00440,R015,10817,Sandwich
T1241,C00269,R004,4266,Croissant
T1241,C00269,R004,5986,Americano
T1241,C00269,R004,11874,Sandwich
T1242,C00540,R029,9082,Mocha
T1242,C00540,R029,9408,Croissant
T1242,C00540,R029,9712,Americano
T1243,C00267,R029,7753,Scone
T1243,C00267,R029,4279,Bagel
T1243,C00267,R029,6852,Espresso
T1244,C00226,R029,5389,Scone
T1244,C00226,R029,4884,Croissant
T1245,C00878,R028,4884,Scone
T1245,C00878,R028,10673,Americano
T1245,C00878,R028,9099,Bagel
T1246,C00812,R007,6936,Croissant
T1246,C00812,R007,10091,Muffin
T1246,C00812,R007,6359,Bagel
T1247,C00581,R009,10984,Mocha
T1247,C00581,R009,6238,Cappuccino
T1248,C00054,R004,7698,Sandwich
T1248,C00054,R004,3757,Cappuccino
T1249,C00829,R022,3838,Americano
T1249,C00829,R022,5176,Sandwich
T1250,C00293,R013,10818,Muffin
T1250,C00293,R013,8902,Croissant
T1251,C00501,R007,7066,Croissant
T1251,C00501,R007,9678,Scone
T1251,C00501,R007,3403,Espresso
T1252,C00190,R006,5553,Mocha
T1252,C00190,R006,9728,Cappuccino
T1253,C00787,R012,7458,Sandwich
T1253,C00787,R012,5585,Croissant
T1254,C00581,R020,10197,Espresso
T1254,C00581,R020,11705,Scone
T1255,C00103,R003,11930,Sandwich
T1255,C00103,R003,7406,Bagel
T1255,C00103,R003,6919,Latte
T1256,C00970,R025,11274,Cappuccino
T1256,C00970,R025,4159,Scone
T1257,C00977,R026,10730,Muffin
T1257,C00977,R026,5537,Sandwich
T1257,C00977,R026,9439,Espresso
T1258,C00942,R028,11236,Espresso
T1258,C00942,R028,8145,Latte
T1258,C00942,R028,11222,Scone
T1259,C00083,R010,10948,Cappuccino
T1259,C00083,R010,4887,Scone
T1259,C00083,R010,11246,Bagel
T1260,C00251,R023,3781,Bagel
T1260,C00251,R023,4680,Americano
T1260,C00251,R023,11678,Muffin
T1261,C00204,R007,3321,Sandwich
T1261,C00204,R007,5954,Mocha
T1262,C00919,R010,5573,Sandwich
T1262,C00919,R010,10645,Latte
T1262,C00919,R010,9997,Mocha
T1263,C00863,R022,10613,Cappuccino
T1263,C00863,R022,3675,Americano
T1264,C00145,R017,10060,Americano
T1264,C00145,R017,10220,Espresso
T1264,C00145,R017,9005,Sandwich
T1265,C00938,R001,7081,Scone
T1265,C00938,R001,4357,Croissant
T1265,C00938,R001,11924,Muffin
T1266,C00858,R010,10391,Croissant
T1266,C00858,R010,8633,Americano
T1266,C00858,R010,11821,Mocha
T1267,C00664,R030,8593,Sandwich
T1267,C00664,R030,7159,Croissant
T1267,C00664,R030,7670,Americano
T1268,C00348,R020,10151,Croissant
T1268,C00348,R020,8215,Scone
T1268,C00348,R020,10810,Bagel
T1269,C00074,R023,11323,Americano
T1269,C00074,R023,6043,Sandwich
T1269,C00074,R023,4753,Mocha
T1270,C00689,R014,11389,Espresso
T1270,C00689,R014,6647,Cappuccino
T1271,C00511,R006,10133,Bagel
T1271,C00511,R006,9336,Espresso
T1272,C00284,R023,7258,Muffin
T1272,C00284,R023,4351,Mocha
T1272,C00284,R023,6773,Scone
T1273,C00838,R011,5424,Bagel
T1273,C00838,R011,6598,Sandwich
T1273,C00838,R011,3072,Scone
T1274,C00590,R029,9719,Espresso
T1274,C00590,R029,5104,Bagel
T1275,C00189,R027,10947,Croissant
T1275,C00189,R027,7962,Americano
T1275,C00189,R027,10073,Scone
T1276,C00626,R016,6847,Muffin
T1276,C00626,R016,7815,Mocha
T1277,C00279,R004,3798,Mocha
T1277,C00279,R004,6554,Cappuccino
T1277,C00279,R004,6932,Americano
T1278,C00087,R013,6120,Cappuccino
T1278,C00087,R013,6976,Bagel
T1279,C00535,R022,3884,Mocha
T1279,C00535,R022,9857,Bagel
T1279,C00535,R022,6018,Sandwich
T1280,C00751,R029,9617,Americano
T1280,C00751,R029,6495,Mocha
T1281,C00573,R011,3693,Scone
T1281,C00573,R011,10886,Sandwich
T1282,C00422,R006,11262,Mocha
T1282,C00422,R006,7173,Sandwich
T1283,C00190,R021,7111,Sandwich
T1283,C00190,R021,11023,Cappuccino
T1283,C00190,R021,4276,Croissant
T1284,C00027,R009,10042,Americano
T1284,C00027,R009,6616,Bagel
T1285,C00032,R024,8168,Sandwich
T1285,C00032,R024,7956,Americano
T1285,C00032,R024,5502,Espresso
T1286,C00444,R011,7204,Bagel
T1286,C00444,R011,7972,Mocha
T1287,C00969,R015,6065,Cappuccino
T1287,C00969,R015,6781,Espresso
T1288,C00955,R006,8476,Sandwich
T1288,C00955,R006,3224,Croissant
T1288,C00955,R006,11534,Americano
T1289,C00812,R004,5273,Bagel
T1289,C00812,R004,7380,Latte
T1290,C00260,R027,5243,Mocha
T1290,C00260,R027,8843,Americano
T1291,C00839,R008,10231,Cappuccino
T1291,C00839,R008,11364,Sandwich
T1291,C00839,R008,6401,Scone
T1292,C00298,R026,10844,Latte
T1292,C00298,R026,8669,Scone
T1293,C00703,R023,6219,Espresso
T1293,C00703,R023,7470,Croissant
T1293,C00703,R023,10481,Latte
T1294,C00532,R001,3360,Croissant
T1294,C00532,R001,7093,Americano
T1295,C00666,R002,5311,Bagel
T1295,C00666,R002,4056,Croissant
T1296,C00438,R013,9855,Americano
T1296,C00438,R013,7095,Mocha
T1296,C00438,R013,4204,Scone
T1297,C00492,R015,10186,Sandwich
T1297,C00492,R015,3398,Cappuccino
T1298,C00009,R015,3836,Americano
T1298,C00009,R015,6755,Latte
T1299,C00273,R012,3559,Mocha
T1299,C00273,R012,3046,Croissant
T1299,C00273,R012,6822,Americano
T1300,C00174,R013,7011,Espresso
T1300,C00174,R013,10192,Scone
T1300,C00174,R013,3214,Latte
T1301,C00283,R030,7223,Scone
T1301,C00283,R030,10160,Croissant
T1301,C00283,R030,6839,Bagel
T1302,C00227,R028,4500,Muffin
T1302,C00227,R028,7312,Mocha
T1302,C00227,R028,5873,Cappuccino
T1303,C00151,R002,3041,Cappuccino
T1303,C00151,R002,9677,Americano
T1304,C00993,R014,3313,Espresso
T1304,C00993,R014,3058,Americano
T1305,C00944,R026,9051,Espresso
T1305,C00944,R026,6534,Cappuccino
T1305,C00944,R026,11662,Mocha
T1306,C00718,R004,3522,Cappuccino
T1306,C00718,R004,9969,Scone
T1306,C00718,R004,4342,Espresso
T1307,C00419,R014,8346,Bagel
T1307,C00419,R014,3924,Cappuccino
T1307,C00419,R014,10461,Sandwich
T1308,C00158,R003,11528,Mocha
T1308,C00158,R003,10084,Croissant
T1309,C00715,R011,10617,Espresso
T1309,C00715,R011,4306,Croissant
T1310,C00014,R027,7838,Americano
T1310,C00014,R027,6745,Scone
T1310,C00014,R027,8885,Latte
T1311,C00893,R018,4157,Espresso
T1311,C00893,R018,6740,Mocha
T1312,C00892,R021,8621,Espresso
T1312,C00892,R021,8322,Americano
T1312,C00892,R021,9661,Croissant
T1313,C00346,R007,7208,Sandwich
T1313,C00346,R007,3831,Latte
T1314,C00770,R008,7510,Scone
T1314,C00770,R008,10458,Latte
T1314,C00770,R008,11708,Espresso
T1315,C00348,R021,7285,Muffin
T1315,C00348,R021,3404,Latte
T1316,C00063,R009,10119,Cappuccino
T1316,C00063,R009,9630,Latte
T1317,C00425,R023,4852,Americano
T1317,C00425,R023,8176,Cappuccino
T1317,C00425,R023,4106,Mocha
T1318,C00819,R008,4130,Scone
T1318,C00819,R008,9204,Sandwich
T1318,C00819,R008,9541,Croissant
T1319,C00110,R001,6473,Muffin
T1319,C00110,R001,11300,Americano
T1320,C00473,R028,5491,Espresso
T1320,C00473,R028,8863,Bagel
T1321,C00210,R021,8030,Muffin
T1321,C00210,R021,6220,Cappuccino
T1322,C00163,R011,9828,Bagel
T1322,C00163,R011,3720,Cappuccino
T1323,C00453,R007,4227,Espresso
T1323,C00453,R007,5169,Sandwich
T1324,C00926,R011,10213,Espresso
T1324,C00926,R011,4613,Cappuccino
T1324,C00926,R011,5213,Sandwich
T1325,C00725,R020,9473,Americano
T1325,C00725,R020,3055,Mocha
T1326,C00677,R025,10928,Muffin
T1326,C00677,R025,11133,Mocha
T1327,C00884,R011,4404,Bagel
T1327,C00884,R011,9699,Croissant
T1328,C00061,R008,4336,Cappuccino
T1328,C00061,R008,8889,Americano
T1329,C00437,R007,9846,Bagel
T1329,C00437,R007,10754,Sandwich
T1329,C00437,R007,5258,Latte
T1330,C00907,R002,11171,Latte
T1330,C00907,R002,11484,Americano
T1331,C00718,R022,7845,Sandwich
T1331,C00718,R022,11915,Muffin
T1331,C00718,R022,11392,Mocha
T1332,C00503,R009,8116,Americano
T1332,C00503,R009,4037,Bagel
T1333,C00440,R008,10624,Mocha
T1333,C00440,R008,5715,Scone
T1333,C00440,R008,3284,Croissant
T1334,C00198,R030,4973,Cappuccino
T1334,C00198,R030,11382,Croissant
T1335,C00896,R012,10241,Mocha
T1335,C00896,R012,8036,Sandwich
T1336,C00200,R021,7941,Scone
T1336,C00200,R021,9509,Sandwich
T1337,C00858,R014,3226,Croissant
T1337,C00858,R014,4803,Cappuccino
T1337,C00858,R014,3258,Sandwich
T1338,C00803,R018,8998,Bagel
T1338,C00803,R018,8122,Mocha
T1339,C00779,R007,4056,Sandwich
T1339,C00779,R007,3655,Scone
T1340,C00543,R002,11781,Latte
T1340,C00543,R002,7409,Muffin
T1340,C00543,R002,9831,Croissant
T1341,C00451,R024,8084,Bagel
T1341,C00451,R024,10952,Mocha
T1341,C00451,R024,11047,Sandwich
T1342,C00098,R012,5171,Bagel
T1342,C00098,R012,3903,Croissant
T1342,C00098,R012,9373,Sandwich
T1343,C00296,R029,3500,Espresso
T1343,C00296,R029,5346,Latte
T1344,C00762,R011,4156,Latte
T1344,C00762,R011,11023,Espresso
T1344,C00762,R011,10106,Americano
T1345,C00779,R022,4859,Mocha
T1345,C00779,R022,11571,Americano
T1345,C00779,R022,11136,Muffin
T1346,C00651,R026,7212,Latte
T1346,C00651,R026,10638,Croissant
T1346,C00651,R026,10712,Muffin
T1347,C00612,R010,7270,Espresso
T1347,C00612,R010,3906,Scone
T1347,C00612,R010,7711,Americano
T1348,C00921,R023,10023,Muffin
T1348,C00921,R023,8774,Croissant
T1349,C00589,R005,7166,Bagel
T1349,C00589,R005,11962,Americano
T1350,C00411,R025,4543,Americano
T1350,C00411,R025,4723,Cappuccino
T1350,C00411,R025,5238,Espresso
T1351,C00102,R017,10992,Muffin
T1351,C00102,R017,5925,Americano
T1352,C00033,R012,11268,Muffin
T1352,C00033,R012,4988,Scone
T1353,C00497,R007,8778,Americano
T1353,C00497,R007,11673,Scone
T1353,C00497,R007,3185,Latte
T1354,C00622,R008,9857,Mocha
T1354,C00622,R008,6406,Sandwich
T1355,C00803,R003,7295,Mocha
T1355,C00803,R003,7764,Latte
T1356,C00259,R013,9515,Latte
T1356,C00259,R013,9254,Bagel
T1356,C00259,R013,9882,Muffin
T1357,C00512,R017,3638,Croissant
T1357,C00512,R017,8182,Scone
T1358,C00212,R009,6145,Sandwich
T1358,C00212,R009,10772,Latte
T1359,C00263,R005,3100,Sandwich
T1359,C00263,R005,6333,Espresso
T1359,C00263,R005,5115,Croissant
T1360,C00832,R015,11208,Americano
T1360,C00832,R015,7581,Mocha
T1360,C00832,R015,7231,Scone
T1361,C00674,R019,11641,Bagel
T1361,C00674,R019,11171,Espresso
T1362,C00074,R010,8796,Scone
T1362,C00074,R010,5826,Mocha
T1362,C00074,R010,11990,Bagel
T1363,C00265,R015,9438,Muffin
T1363,C00265,R015,8461,Espresso
T1364,C00951,R018,9572,Espresso
T1364,C00951,R018,10812,Croissant
T1364,C00951,R018,3068,Bagel
T1365,C00884,R018,8722,Bagel
T1365,C00884,R018,9372,Espresso
T1365,C00884,R018,4647,Cappuccino
T1366,C00504,R001,11942,Muffin
T1366,C00504,R001,3951,Sandwich
T1366,C00504,R001,10711,Cappuccino
T1367,C00582,R013,8373,Latte
T1367,C00582,R013,4263,Scone
T1367,C00582,R013,4807,Espresso
T1368,C00688,R015,5993,Mocha
T1368,C00688,R015,3999,Cappuccino
T1368,C00688,R015,3920,Muffin
T1369,C00780,R023,8478,Cappuccino
T1369,C00780,R023,8903,Sandwich
T1370,C00469,R011,10253,Croissant
T1370,C00469,R011,7363,Bagel
T1371,C00184,R024,3844,Croissant
T1371,C00184,R024,9601,Cappuccino
T1372,C00543,R001,3034,Croissant
T1372,C00543,R001,4334,Bagel
T1373,C00932,R005,3347,Mocha
T1373,C00932,R005,5297,Espresso
T1374,C00865,R018,5350,Sandwich
T1374,C00865,R018,5942,Croissant
T1375,C00234,R019,10801,Latte
T1375,C00234,R019,8827,Bagel
T1375,C00234,R019,9798,Muffin
T1376,C00317,R013,3771,Cappuccino
T1376,C00317,R013,9521,Croissant
T1377,C00795,R017,4981,Cappuccino
T1377,C00795,R017,11580,Sandwich
T1378,C00368,R010,6693,Mocha
T1378,C00368,R010,10374,Sandwich
T1379,C00528,R013,4447,Sandwich
T1379,C00528,R013,6887,Scone
T1380,C00289,R002,4542,Mocha
T1380,C00289,R002,6724,Espresso
T1380,C00289,R002,10199,Latte
T1381,C00480,R006,3852,Latte
T1381,C00480,R006,6868,Cappuccino
T1381,C00480,R006,4450,Bagel
T1382,C00005,R020,8681,Latte
T1382,C00005,R020,4279,Scone
T1383,C00884,R023,11128,Mocha
T1383,C00884,R023,9403,Latte
T1384,C00967,R023,10658,Bagel
T1384,C00967,R023,4175,Muffin
T1385,C00878,R009,3089,Sandwich
T1385,C00878,R009,3709,Americano
T1385,C00878,R009,4677,Croissant
T1386,C00269,R029,9072,Espresso
T1386,C00269,R029,10414,Scone
T1387,C00148,R027,4551,Scone
T1387,C00148,R027,9094,Croissant
T1387,C00148,R027,9733,Bagel
T1388,C00069,R030,10247,Americano
T1388,C00069,R030,6115,Bagel
T1388,C00069,R030,3836,Sandwich
T1389,C00613,R018,9732,Latte
T1389,C00613,R018,8214,Bagel
T1390,C00899,R012,10211,Croissant
T1390,C00899,R012,4380,Espresso
T1390,C00899,R012,4191,Mocha
T1391,C00058,R010,3588,Muffin
T1391,C00058,R010,4881,Sandwich
T1392,C00660,R011,10380,Muffin
T1392,C00660,R011,5187,Espresso
T1393,C00918,R019,3116,Muffin
T1393,C00918,R019,6289,Cappuccino
T1394,C00646,R021,11695,Scone
T1394,C00646,R021,11787,Muffin
T1394,C00646,R021,8662,Sandwich
T1395,C00108,R010,11905,Scone
T1395,C00108,R010,10677,Espresso
T1395,C00108,R010,5971,Americano
T1396,C00132,R024,4520,Mocha
T1396,C00132,R024,7350,Cappuccino
T1397,C00536,R023,3630,Mocha
T1397,C00536,R023,7746,Americano
T1397,C00536,R023,9219,Scone
T1398,C00988,R030,8765,Sandwich
T1398,C00988,R030,6166,Latte
T1398,C00988,R030,4514,Muffin
T1399,C00101,R026,6818,Latte
T1399,C00101,R026,8099,Croissant
T1399,C00101,R026,9073,Americano
T1400,C00498,R029,4751,Bagel
T1400,C00498,R029,11965,Croissant
T1400,C00498,R029,8487,Mocha
T1401,C00109,R016,9184,Scone
T1401,C00109,R016,4826,Muffin
T1402,C00095,R007,10121,Sandwich
T1402,C00095,R007,10854,Cappuccino
T1403,C00114,R006,3205,Bagel
T1403,C00114,R006,8132,Americano
T1404,C00341,R010,10720,Scone
T1404,C00341,R010,11146,Cappuccino
T1404,C00341,R010,11393,Sandwich
T1405,C00032,R002,11904,Bagel
T1405,C00032,R002,7619,Muffin
T1405,C00032,R002,10216,Sandwich
T1406,C00051,R030,8257,Sandwich
T1406,C00051,R030,6747,Espresso
T1407,C00342,R014,11949,Americano
T1407,C00342,R014,5974,Muffin
T1408,C00401,R008,11097,Muffin
T1408,C00401,R008,5436,Sandwich
T1409,C00406,R008,10583,Croissant
T1409,C00406,R008,7551,Bagel
T1410,C00943,R024,10760,Sandwich
T1410,C00943,R024,5694,Mocha
T1411,C00198,R003,9155,Latte
T1411,C00198,R003,3675,Espresso
T1412,C00122,R011,5348,Sandwich
T1412,C00122,R011,7495,Cappuccino
T1413,C00676,R014,11724,Sandwich
T1413,C00676,R014,11053,Espresso
T1414,C00132,R003,9430,Latte
T1414,C00132,R003,8074,Muffin
T1414,C00132,R003,8579,Espresso
T1415,C00984,R002,10893,Bagel
T1415,C00984,R002,10311,Sandwich
T1415,C00984,R002,6412,Mocha
T1416,C00166,R013,11142,Bagel
T1416,C00166,R013,10044,Cappuccino
T1417,C00007,R020,3807,Croissant
T1417,C00007,R020,10195,Espresso
T1418,C00517,R005,11093,Americano
T1418,C00517,R005,6299,Cappuccino
T1418,C00517,R005,9380,Muffin
T1419,C00249,R013,3137,Sandwich
T1419,C00249,R013,3384,Bagel
T1420,C00093,R020,10974,Cappuccino
T1420,C00093,R020,8843,Latte
T1421,C00580,R027,6875,Muffin
T1421,C00580,R027,5018,Scone
T1422,C00438,R019,10345,Americano
T1422,C00438,R019,7565,Bagel
T1423,C00986,R024,6239,Latte
T1423,C00986,R024,6218,Espresso
T1423,C00986,R024,6302,Croissant
T1424,C00256,R018,3490,Bagel
T1424,C00256,R018,6779,Espresso
T1425,C00150,R013,10751,Americano
T1425,C00150,R013,7865,Scone
T1425,C00150,R013,10888,Espresso
T1426,C00464,R025,9525,Bagel
T1426,C00464,R025,4950,Espresso
T1427,C00991,R012,6736,Sandwich
T1427,C00991,R012,3044,Scone
T1428,C00395,R026,3726,Scone
T1428,C00395,R026,7280,Sandwich
T1429,C00420,R023,6249,Croissant
T1429,C00420,R023,5262,Mocha
T1430,C00534,R011,10287,Croissant
T1430,C00534,R011,8346,Latte
T1431,C00975,R010,4198,Sandwich
T1431,C00975,R010,9346,Espresso
T1431,C00975,R010,7871,Latte
T1432,C00092,R028,10026,Croissant
T1432,C00092,R028,11636,Latte
T1433,C00438,R025,4021,Croissant
T1433,C00438,R025,7813,Americano
T1433,C00438,R025,11219,Latte
T1434,C00003,R014,6784,Mocha
T1434,C00003,R014,10124,Americano
T1434,C00003,R014,7967,Croissant
T1435,C00659,R022,5418,Mocha
T1435,C00659,R022,9096,Latte
T1436,C00986,R015,4125,Cappuccino
T1436,C00986,R015,9756,Espresso
T1436,C00986,R015,4357,Americano
T1437,C00289,R025,6245,Mocha
T1437,C00289,R025,5294,Cappuccino
T1437,C00289,R025,11927,Bagel
T1438,C00776,R022,7388,Espresso
T1438,C00776,R022,7837,Americano
T1439,C00062,R002,3148,Espresso
T1439,C00062,R002,7131,Mocha
T1440,C00131,R015,9343,Espresso
T1440,C00131,R015,4776,Scone
T1440,C00131,R015,8178,Cappuccino
T1441,C00712,R018,11170,Scone
T1441,C00712,R018,5540,Cappuccino
T1442,C00223,R030,4573,Sandwich
T1442,C00223,R030,9872,Mocha
T1443,C00880,R020,3696,Scone
T1443,C00880,R020,10082,Latte
T1444,C00423,R009,4880,Cappuccino
T1444,C00423,R009,4462,Americano
T1444,C00423,R009,9012,Espresso
T1445,C00147,R023,6399,Americano
T1445,C00147,R023,10077,Cappuccino
T1446,C00797,R022,7567,Croissant
T1446,C00797,R022,10620,Latte
T1446,C00797,R022,5875,Bagel
T1447,C00694,R006,8186,Mocha
T1447,C00694,R006,7754,Cappuccino
T1447,C00694,R006,3223,Americano
T1448,C00401,R026,3868,Latte
T1448,C00401,R026,3238,Espresso
T1448,C00401,R026,8864,Muffin
T1449,C00143,R008,8299,Muffin
T1449,C00143,R008,3917,Cappuccino
T1449,C00143,R008,3199,Bagel
T1450,C00515,R011,11678,Sandwich
T1450,C00515,R011,5053,Mocha
T1450,C00515,R011,8230,Americano
T1451,C00005,R015,4848,Espresso
T1451,C00005,R015,5263,Bagel
T1451,C00005,R015,7798,Croissant
T1452,C00641,R029,7543,Bagel
T1452,C00641,R029,10894,Sandwich
T1452,C00641,R029,5893,Espresso
T1453,C00880,R023,10355,Muffin
T1453,C00880,R023,5480,Latte
T1453,C00880,R023,3511,Americano
T1454,C00333,R030,9759,Croissant
T1454,C00333,R030,11246,Cappuccino
T1455,C00591,R005,10332,Americano
T1455,C00591,R005,10189,Espresso
T1455,C00591,R005,9526,Croissant
T1456,C00951,R025,11590,Latte
T1456,C00951,R025,10525,Americano
T1457,C00488,R022,11129,Croissant
T1457,C00488,R022,7363,Latte
T1458,C00104,R019,5955,Muffin
T1458,C00104,R019,6099,Espresso
T1459,C00976,R023,8256,Mocha
T1459,C00976,R023,3279,Scone
T1460,C00224,R008,4090,Muffin
T1460,C00224,R008,11078,Croissant
T1460,C00224,R008,8622,Latte
T1461,C00141,R003,10229,Croissant
T1461,C00141,R003,6498,Americano
T1462,C00334,R015,4206,Espresso
T1462,C00334,R015,7089,Croissant
T1463,C00288,R008,9464,Latte
T1463,C00288,R008,11948,Cappuccino
T1463,C00288,R008,10425,Muffin
T1464,C00530,R001,3114,Bagel
T1464,C00530,R001,10302,Espresso
T1464,C00530,R001,9021,Sandwich
T1465,C00385,R026,5973,Americano
T1465,C00385,R026,4348,Bagel
T1465,C00385,R026,4958,Mocha
T1466,C00422,R028,11509,Mocha
T1466,C00422,R028,4097,Scone
T1467,C00464,R022,3652,Muffin
T1467,C00464,R022,11180,Latte
T1467,C00464,R022,9484,Cappuccino
T1468,C00317,R029,3302,Cappuccino
T1468,C00317,R029,4192,Sandwich
T1469,C00164,R007,4956,Scone
T1469,C00164,R007,9703,Sandwich
T1469,C00164,R007,9453,Americano
T1470,C00146,R014,4200,Americano
T1470,C00146,R014,6992,Latte
T1470,C00146,R014,7287,Mocha
T1471,C00837,R011,7541,Cappuccino
T1471,C00837,R011,9655,Bagel
T1472,C00617,R013,8723,Espresso
T1472,C00617,R013,10975,Americano
T1473,C00783,R026,7872,Latte
T1473,C00783,R026,8280,Scone
T1473,C00783,R026,7993,Croissant
T1474,C00072,R009,6077,Muffin
T1474,C00072,R009,3684,Espresso
T1475,C00525,R029,6665,Scone
T1475,C00525,R029,4105,Cappuccino
T1476,C00942,R009,3468,Bagel
T1476,C00942,R009,7928,Cappuccino
T1476,C00942,R009,6999,Mocha
T1477,C00072,R019,6098,Espresso
T1477,C00072,R019,3504,Muffin
T1477,C00072,R019,7814,Sandwich
T1478,C00748,R025,4087,Croissant
T1478,C00748,R025,11949,Americano
T1479,C00613,R016,9690,Scone
T1479,C00613,R016,9156,Espresso
T1479,C00613,R016,5478,Sandwich
T1480,C00765,R030,6314,Cappuccino
T1480,C00765,R030,3750,Scone
T1481,C00619,R011,7589,Mocha
T1481,C00619,R011,11956,Sandwich
T1482,C00779,R006,4164,Latte
T1482,C00779,R006,11746,Croissant
T1483,C00140,R008,8714,Americano
T1483,C00140,R008,8100,Sandwich
T1484,C00243,R013,5465,Sandwich
T1484,C00243,R013,4551,Espresso
T1485,C00397,R022,11265,Sandwich
T1485,C00397,R022,7763,Latte
T1485,C00397,R022,9977,Americano
T1486,C00659,R025,4254,Bagel
T1486,C00659,R025,8614,Americano
T1487,C00940,R010,6857,Espresso
T1487,C00940,R010,11594,Muffin
T1487,C00940,R010,4948,Scone
T1488,C00308,R001,10880,Americano
T1488,C00308,R001,8119,Croissant
T1488,C00308,R001,10816,Sandwich
T1489,C00469,R006,3957,Bagel
T1489,C00469,R006,10754,Sandwich
T1489,C00469,R006,10507,Americano
T1490,C00224,R003,8835,Cappuccino
T1490,C00224,R003,5223,Croissant
T1491,C00527,R013,10020,Latte
T1491,C00527,R013,11640,Croissant
T1492,C00409,R014,10205,Espresso
T1492,C00409,R014,4103,Croissant
T1492,C00409,R014,7741,Muffin
T1493,C00639,R029,8371,Mocha
T1493,C00639,R029,3533,Latte
T1494,C00249,R013,11564,Latte
T1494,C00249,R013,7278,Espresso
T1495,C00423,R025,4278,Cappuccino
T1495,C00423,R025,8203,Americano
T1495,C00423,R025,6520,Muffin
T1496,C01000,R027,5014,Croissant
T1496,C01000,R027,3857,Cappuccino
T1496,C01000,R027,3496,Mocha
T1497,C00472,R013,8852,Muffin
T1497,C00472,R013,3515,Scone
T1498,C00257,R025,8437,Scone
T1498,C00257,R025,11372,Sandwich
T1499,C00771,R013,7296,Espresso
T1499,C00771,R013,10114,Cappuccino
T1499,C00771,R013,7544,Muffin
T1500,C00929,R022,7644,Muffin
T1500,C00929,R022,8707,Espresso
T1501,C00080,R017,3159,Cappuccino
T1501,C00080,R017,8637,Americano
T1501,C00080,R017,11484,Bagel
T1502,C00976,R012,11112,Espresso
T1502,C00976,R012,6267,Mocha
T1503,C00351,R021,4426,Mocha
T1503,C00351,R021,9218,Croissant
T1504,C00919,R026,6498,Scone
T1504,C00919,R026,11926,Cappuccino
T1505,C00652,R003,3991,Cappuccino
T1505,C00652,R003,9992,Scone
T1506,C00528,R007,4659,Bagel
T1506,C00528,R007,8959,Sandwich
T1507,C00765,R012,11724,Mocha
T1507,C00765,R012,5955,Croissant
T1507,C00765,R012,4611,Muffin
T1508,C00483,R001,3918,Espresso
T1508,C00483,R001,4666,Croissant
T1508,C00483,R001,7120,Scone
T1509,C00275,R009,5402,Bagel
T1509,C00275,R009,5377,Muffin
T1510,C00901,R010,10076,Latte
T1510,C00901,R010,3496,Croissant
T1510,C00901,R010,10153,Sandwich
T1511,C00350,R007,6341,Americano
T1511,C00350,R007,4281,Scone
T1511,C00350,R007,10001,Bagel
T1512,C00088,R017,4726,Latte
T1512,C00088,R017,5505,Americano
T1513,C00825,R003,8871,Latte
T1513,C00825,R003,7645,Croissant
T1513,C00825,R003,6337,Muffin
T1514,C00697,R012,11003,Muffin
T1514,C00697,R012,6766,Mocha
T1515,C00779,R015,11524,Muffin
T1515,C00779,R015,11516,Sandwich
T1515,C00779,R015,9324,Scone
T1516,C00363,R015,7445,Sandwich
T1516,C00363,R015,7888,Scone
T1517,C00206,R018,10233,Croissant
T1517,C00206,R018,6883,Cappuccino
T1517,C00206,R018,9992,Muffin
T1518,C00471,R011,7093,Espresso
T1518,C00471,R011,3123,Scone
T1519,C00549,R020,8389,Scone
T1519,C00549,R020,9624,Latte
T1519,C00549,R020,3762,Bagel
T1520,C00223,R028,8360,Muffin
T1520,C00223,R028,8739,Scone
T1521,C00303,R030,4582,Muffin
T1521,C00303,R030,5714,Latte
T1522,C00518,R023,11991,Bagel
T1522,C00518,R023,4857,Mocha
T1522,C00518,R023,5661,Croissant
T1523,C00428,R013,8237,Bagel
T1523,C00428,R013,3816,Latte
T1523,C00428,R013,5102,Croissant
T1524,C00075,R011,3422,Bagel
T1524,C00075,R011,8619,Sandwich
T1524,C00075,R011,11076,Croissant
T1525,C00946,R009,3386,Croissant
T1525,C00946,R009,4743,Mocha
T1525,C00946,R009,7854,Cappuccino
T1526,C00839,R022,10472,Muffin
T1526,C00839,R022,6234,Cappuccino
T1527,C00612,R023,4645,Croissant
T1527,C00612,R023,3061,Espresso
T1528,C00373,R027,7712,Espresso
T1528,C00373,R027,5058,Croissant
T1528,C00373,R027,3688,Sandwich
T1529,C00014,R002,5838,Croissant
T1529,C00014,R002,7131,Espresso
T1530,C00290,R025,8923,Americano
T1530,C00290,R025,6415,Espresso
T1530,C00290,R025,4989,Bagel
T1531,C00827,R025,6384,Bagel
T1531,C00827,R025,8844,Muffin
T1531,C00827,R025,6922,Mocha
T1532,C00006,R015,11647,Sandwich
T1532,C00006,R015,5340,Scone
T1532,C00006,R015,6528,Cappuccino
T1533,C00458,R019,3928,Muffin
T1533,C00458,R019,7127,Bagel
T1533,C00458,R019,5643,Scone
T1534,C00681,R020,4738,Mocha
T1534,C00681,R020,8723,Scone
T1535,C00792,R001,4869,Latte
T1535,C00792,R001,7054,Bagel
T1536,C00534,R004,7898,Scone
T1536,C00534,R004,11994,Bagel
T1537,C00433,R003,8903,Muffin
T1537,C00433,R003,7355,Croissant
T1538,C00879,R015,7302,Latte
T1538,C00879,R015,6023,Mocha
T1539,C00386,R017,8702,Bagel
T1539,C00386,R017,10689,Americano
T1540,C00442,R006,4938,Cappuccino
T1540,C00442,R006,4916,Bagel
T1540,C00442,R006,6476,Muffin
T1541,C00933,R010,9612,Muffin
T1541,C00933,R010,3110,Mocha
T1542,C00037,R019,4622,Croissant
T1542,C00037,R019,10968,Americano
T1543,C00853,R002,6155,Bagel
T1543,C00853,R002,10307,Cappuccino
T1543,C00853,R002,9081,Americano
T1544,C00829,R008,10679,Latte
T1544,C00829,R008,9712,Scone
T1544,C00829,R008,4063,Sandwich
T1545,C00912,R012,11000,Bagel
T1545,C00912,R012,6986,Sandwich
T1545,C00912,R012,5812,Muffin
T1546,C00905,R008,11310,Mocha
T1546,C00905,R008,10338,Espresso
T1546,C00905,R008,3672,Scone
T1547,C00904,R002,6459,Muffin
T1547,C00904,R002,10055,Scone
T1547,C00904,R002,9414,Americano
T1548,C00499,R002,9288,Espresso
T1548,C00499,R002,6608,Americano
T1549,C00875,R012,9363,Bagel
T1549,C00875,R012,3820,Espresso
T1550,C00046,R030,3987,Sandwich
T1550,C00046,R030,4601,Scone
T1550,C00046,R030,3659,Cappuccino
T1551,C00242,R023,11714,Cappuccino
T1551,C00242,R023,11308,Mocha
T1552,C00830,R014,9722,Muffin
T1552,C00830,R014,8663,Americano
T1553,C00974,R024,6546,Latte
T1553,C00974,R024,4959,Sandwich
T1554,C00044,R016,8351,Latte
T1554,C00044,R016,10027,Scone
T1554,C00044,R016,3648,Sandwich
T1555,C00807,R001,9690,Latte
T1555,C00807,R001,9683,Sandwich
T1556,C00020,R023,10958,Cappuccino
T1556,C00020,R023,3340,Bagel
T1557,C00060,R015,10206,Cappuccino
T1557,C00060,R015,9697,Muffin
T1558,C00761,R019,11726,Espresso
T1558,C00761,R019,9268,Bagel
T1559,C00001,R006,4702,Mocha
T1559,C00001,R006,7949,Sandwich
T1559,C00001,R006,4226,Latte
T1560,C00286,R011,6415,Bagel
T1560,C00286,R011,5143,Cappuccino
T1560,C00286,R011,10597,Mocha
T1561,C00624,R014,7969,Cappuccino
T1561,C00624,R014,5426,Scone
T1561,C00624,R014,5968,Mocha
T1562,C00311,R007,6611,Sandwich
T1562,C00311,R007,11978,Espresso
T1562,C00311,R007,8126,Americano
T1563,C00983,R017,8953,Scone
T1563,C00983,R017,9279,Latte
T1563,C00983,R017,3911,Cappuccino
T1564,C00933,R005,8285,Latte
T1564,C00933,R005,11508,Cappuccino
T1565,C00187,R001,6198,Croissant
T1565,C00187,R001,3572,Americano
T1566,C00797,R001,8139,Croissant
T1566,C00797,R001,10455,Cappuccino
T1567,C00023,R013,4636,Mocha
T1567,C00023,R013,11382,Latte
T1567,C00023,R013,3136,Sandwich
T1568,C00568,R021,6274,Cappuccino
T1568,C00568,R021,10112,Mocha
T1568,C00568,R021,11253,Americano
T1569,C00228,R017,5125,Muffin
T1569,C00228,R017,7733,Sandwich
T1570,C00910,R003,11309,Latte
T1570,C00910,R003,8909,Espresso
T1571,C00335,R010,6578,Sandwich
T1571,C00335,R010,5667,Muffin
T1572,C00298,R004,11041,Americano
T1572,C00298,R004,8825,Croissant
T1573,C00447,R030,3593,Muffin
T1573,C00447,R030,3803,Latte
T1573,C00447,R030,9651,Mocha
T1574,C00142,R018,10212,Croissant
T1574,C00142,R018,7926,Scone
T1574,C00142,R018,8658,Americano
T1575,C00549,R029,11063,Espresso
T1575,C00549,R029,8188,Americano
T1575,C00549,R029,4677,Sandwich
T1576,C00307,R009,3458,Latte
T1576,C00307,R009,5306,Espresso
T1577,C00849,R022,8991,Espresso
T1577,C00849,R022,7100,Scone
T1577,C00849,R022,10764,Americano
T1578,C00933,R009,7059,Sandwich
T1578,C00933,R009,10223,Latte
T1579,C00184,R019,3787,Scone
T1579,C00184,R019,9239,Bagel
T1580,C00548,R023,5339,Croissant
T1580,C00548,R023,5889,Mocha
T1580,C00548,R023,4659,Americano
T1581,C00577,R017,6632,Espresso
T1581,C00577,R017,9696,Americano
T1582,C01000,R027,6952,Cappuccino
T1582,C01000,R027,4208,Bagel
T1582,C01000,R027,11332,Espresso
T1583,C00819,R022,5687,Bagel
T1583,C00819,R022,6695,Latte
T1584,C00543,R024,8867,Muffin
T1584,C00543,R024,9044,Cappuccino
T1585,C00478,R021,7263,Latte
T1585,C00478,R021,5974,Cappuccino
T1586,C00522,R028,9429,Cappuccino
T1586,C00522,R028,11721,Americano
T1587,C00864,R008,5832,Latte
T1587,C00864,R008,9700,Sandwich
T1587,C00864,R008,5286,Muffin
T1588,C00999,R002,3059,Croissant
T1588,C00999,R002,8263,Scone
T1588,C00999,R002,10823,Mocha
T1589,C00349,R026,7126,Espresso
T1589,C00349,R026,4570,Americano
T1590,C00336,R014,7970,Bagel
T1590,C00336,R014,8113,Latte
T1591,C00273,R021,5016,Espresso
T1591,C00273,R021,7364,Sandwich
T1591,C00273,R021,10944,Bagel
T1592,C00304,R018,4793,Mocha
T1592,C00304,R018,8772,Scone
T1592,C00304,R018,3821,Latte
T1593,C00348,R013,6680,Croissant
T1593,C00348,R013,7679,Sandwich
T1593,C00348,R013,8259,Cappuccino
T1594,C00378,R028,8429,Bagel
T1594,C00378,R028,4082,Scone
T1594,C00378,R028,10134,Croissant
T1595,C00469,R008,6739,Bagel
T1595,C00469,R008,6867,Mocha
T1596,C00301,R021,8737,Americano
T1596,C00301,R021,9536,Espresso
T1596,C00301,R021,10223,Latte
T1597,C00067,R018,8960,Scone
T1597,C00067,R018,8923,Sandwich
T1598,C00814,R007,6181,Scone
T1598,C00814,R007,3501,Sandwich
T1598,C00814,R007,11561,Americano
T1599,C00386,R014,10186,Mocha
T1599,C00386,R014,6027,Cappuccino
T1599,C00386,R014,7400,Muffin
T1600,C00890,R006,7750,Cappuccino
T1600,C00890,R006,7262,Sandwich
T1600,C00890,R006,4100,Croissant
T1601,C00357,R015,3956,Sandwich
T1601,C00357,R015,9163,Mocha
T1602,C00559,R011,6319,Sandwich
T1602,C00559,R011,9698,Americano
T1602,C00559,R011,3125,Latte
T1603,C00872,R018,10551,Espresso
T1603,C00872,R018,3977,Scone
T1603,C00872,R018,10153,Americano
T1604,C00056,R002,8497,Espresso
T1604,C00056,R002,10652,Muffin
T1604,C00056,R002,8399,Latte
T1605,C00818,R008,6426,Muffin
T1605,C00818,R008,10660,Latte
T1605,C00818,R008,11395,Sandwich
T1606,C00636,R004,10950,Sandwich
T1606,C00636,R004,10181,Croissant
T1606,C00636,R004,8406,Muffin
T1607,C00940,R009,6010,Sandwich
T1607,C00940,R009,4123,Scone
T1607,C00940,R009,5874,Croissant
T1608,C00426,R012,4953,Croissant
T1608,C00426,R012,6191,Muffin
T1609,C00535,R013,4045,Bagel
T1609,C00535,R013,4099,Latte
T1609,C00535,R013,3702,Cappuccino
T1610,C00058,R010,9878,Americano
T1610,C00058,R010,8742,Muffin
T1610,C00058,R010,9868,Croissant
T1611,C00868,R002,3554,Sandwich
T1611,C00868,R002,4939,Mocha
T1611,C00868,R002,3984,Latte
T1612,C00161,R019,11005,Sandwich
T1612,C00161,R019,6007,Americano
T1612,C00161,R019,8009,Muffin
T1613,C00914,R026,7903,Americano
T1613,C00914,R026,6435,Latte
T1613,C00914,R026,5391,Croissant
T1614,C00513,R003,6927,Sandwich
T1614,C00513,R003,10683,Cappuccino
T1614,C00513,R003,5047,Espresso
T1615,C00670,R002,8236,Espresso
T1615,C00670,R002,9608,Latte
T1616,C00533,R013,11519,Mocha
T1616,C00533,R013,9616,Americano
T1616,C00533,R013,10240,Bagel
T1617,C00866,R013,5077,Espresso
T1617,C00866,R013,7627,Scone
T1617,C00866,R013,10566,Latte
T1618,C00958,R026,5562,Latte
T1618,C00958,R026,3830,Muffin
T1618,C00958,R026,9548,Scone
T1619,C00731,R013,8743,Cappuccino
T1619,C00731,R013,8506,Espresso
T1620,C00435,R030,4522,Muffin
T1620,C00435,R030,11780,Americano
T1620,C00435,R030,7666,Croissant
T1621,C00104,R025,3913,Bagel
T1621,C00104,R025,7454,Latte
T1621,C00104,R025,10320,Mocha
T1622,C00542,R029,3868,Americano
T1622,C00542,R029,6462,Croissant
T1623,C00474,R024,10503,Croissant
T1623,C00474,R024,8875,Sandwich
T1623,C00474,R024,3163,Cappuccino
T1624,C00390,R001,5416,Latte
T1624,C00390,R001,7059,Mocha
T1625,C00562,R004,9439,Latte
T1625,C00562,R004,7163,Mocha
T1626,C00867,R014,11014,Latte
T1626,C00867,R014,7358,Americano
T1627,C00466,R002,4870,Scone
T1627,C00466,R002,6906,Muffin
T1628,C00975,R019,9000,Cappuccino
T1628,C00975,R019,3011,Bagel
T1629,C00699,R028,8583,Muffin
T1629,C00699,R028,7715,Mocha
T1630,C00441,R014,4494,Bagel
T1630,C00441,R014,9125,Latte
T1630,C00441,R014,6883,Sandwich
T1631,C00227,R023,7567,Sandwich
T1631,C00227,R023,10644,Bagel
T1632,C00055,R027,7696,Mocha
T1632,C00055,R027,5409,Espresso
T1633,C00194,R028,5712,Latte
T1633,C00194,R028,3136,Scone
T1634,C00305,R026,4274,Croissant
T1634,C00305,R026,7230,Espresso
T1635,C00308,R002,11885,Mocha
T1635,C00308,R002,5955,Americano
T1635,C00308,R002,6178,Espresso
T1636,C00448,R014,9258,Bagel
T1636,C00448,R014,6167,Espresso
T1637,C00268,R012,10300,Scone
T1637,C00268,R012,10576,Latte
T1638,C00569,R015,4014,Cappuccino
T1638,C00569,R015,5940,Latte
T1639,C00169,R026,10036,Muffin
T1639,C00169,R026,4193,Latte
T1640,C00327,R004,3195,Croissant
T1640,C00327,R004,8360,Latte
T1640,C00327,R004,11415,Bagel
T1641,C00208,R025,3670,Americano
T1641,C00208,R025,10542,Bagel
T1642,C00035,R030,3142,Scone
T1642,C00035,R030,10558,Muffin
T1642,C00035,R030,6027,Latte
T1643,C00803,R018,11832,Scone
T1643,C00803,R018,6413,Espresso
T1643,C00803,R018,3040,Cappuccino
T1644,C00443,R011,11504,Espresso
T1644,C00443,R011,10587,Scone
T1645,C00222,R009,4384,Scone
T1645,C00222,R009,9098,Croissant
T1646,C00840,R009,8643,Scone
T1646,C00840,R009,10861,Muffin
T1647,C00245,R021,3914,Croissant
T1647,C00245,R021,11296,Cappuccino
T1647,C00245,R021,7752,Mocha
T1648,C00212,R017,7299,Croissant
T1648,C00212,R017,9783,Bagel
T1649,C00303,R026,11282,Latte
T1649,C00303,R026,6201,Sandwich
T1650,C00551,R007,8593,Sandwich
T1650,C00551,R007,10291,Cappuccino
T1650,C00551,R007,5403,Americano
T1651,C00846,R013,4395,Americano
T1651,C00846,R013,7079,Espresso
T1652,C00413,R017,3815,Latte
T1652,C00413,R017,5087,Croissant
T1652,C00413,R017,4004,Espresso
T1653,C00452,R012,9527,Sandwich
T1653,C00452,R012,6390,Americano
T1654,C00737,R001,10473,Espresso
T1654,C00737,R001,8634,Cappuccino
T1654,C00737,R001,9415,Americano
T1655,C00591,R014,5455,Espresso
T1655,C00591,R014,11565,Latte
T1655,C00591,R014,3235,Mocha
T1656,C00376,R008,7124,Bagel
T1656,C00376,R008,9062,Scone
T1656,C00376,R008,9039,Americano
T1657,C00347,R012,3367,Sandwich
T1657,C00347,R012,4663,Cappuccino
T1658,C00707,R009,10175,Latte
T1658,C00707,R009,11493,Mocha
T1658,C00707,R009,3541,Bagel
T1659,C00863,R015,5971,Latte
T1659,C00863,R015,3632,Scone
T1659,C00863,R015,4834,Espresso
T1660,C00221,R013,5787,Scone
T1660,C00221,R013,11058,Mocha
T1661,C00844,R021,8834,Bagel
T1661,C00844,R021,7916,Cappuccino
T1662,C00350,R006,8277,Americano
T1662,C00350,R006,7441,Scone
T1662,C00350,R006,11118,Espresso
T1663,C00535,R024,6575,Sandwich
T1663,C00535,R024,8538,Americano
T1664,C00153,R013,11906,Bagel
T1664,C00153,R013,6663,Sandwich
T1664,C00153,R013,4357,Muffin
T1665,C00968,R014,3791,Bagel
T1665,C00968,R014,6592,Espresso
T1665,C00968,R014,4099,Muffin
T1666,C00668,R024,6182,Scone
T1666,C00668,R024,9625,Muffin
T1667,C00895,R022,8981,Bagel
T1667,C00895,R022,5455,Latte
T1668,C00186,R028,11764,Espresso
T1668,C00186,R028,6464,Mocha
T1669,C00190,R002,6766,Muffin
T1669,C00190,R002,5039,Mocha
T1669,C00190,R002,8144,Scone
T1670,C00906,R013,7031,Croissant
T1670,C00906,R013,6917,Latte
T1670,C00906,R013,7054,Muffin
T1671,C00792,R024,8892,Latte
T1671,C00792,R024,11962,Croissant
T1672,C00093,R030,8061,Muffin
T1672,C00093,R030,7634,Mocha
T1672,C00093,R030,8969,Cappuccino
T1673,C00324,R027,9741,Americano
T1673,C00324,R027,6835,Muffin
T1673,C00324,R027,5036,Cappuccino
T1674,C00883,R003,7386,Cappuccino
T1674,C00883,R003,3660,Espresso
T1674,C00883,R003,5137,Croissant
T1675,C00322,R029,8632,Cappuccino
T1675,C00322,R029,9240,Mocha
T1675,C00322,R029,11221,Latte
T1676,C00180,R001,4017,Cappuccino
T1676,C00180,R001,10335,Sandwich
T1676,C00180,R001,7659,Mocha
T1677,C00971,R018,10677,Bagel
T1677,C00971,R018,3203,Sandwich
T1677,C00971,R018,8143,Cappuccino
T1678,C00650,R028,7884,Croissant
T1678,C00650,R028,9179,Bagel
T1678,C00650,R028,6044,Cappuccino
T1679,C00989,R029,11402,Mocha
T1679,C00989,R029,7116,Latte
T1679,C00989,R029,6711,Scone
T1680,C00577,R005,7198,Muffin
T1680,C00577,R005,4252,Cappuccino
T1681,C00404,R005,8142,Espresso
T1681,C00404,R005,6145,Americano
T1681,C00404,R005,4781,Muffin
T1682,C00812,R002,7087,Espresso
T1682,C00812,R002,7097,Sandwich
T1682,C00812,R002,8634,Latte
T1683,C00876,R001,9121,Sandwich
T1683,C00876,R001,6805,Bagel
T1684,C00623,R017,3222,Muffin
T1684,C00623,R017,8982,Bagel
T1685,C00185,R014,10127,Cappuccino
T1685,C00185,R014,9384,Espresso
T1685,C00185,R014,10419,Americano
T1686,C00740,R024,3678,Cappuccino
T1686,C00740,R024,11214,Muffin
T1686,C00740,R024,3039,Croissant
T1687,C00933,R014,10467,Espresso
T1687,C00933,R014,4549,Bagel
T1688,C00649,R022,9787,Cappuccino
T1688,C00649,R022,3893,Bagel
T1688,C00649,R022,9816,Espresso
T1689,C00042,R026,11847,Espresso
T1689,C00042,R026,6402,Sandwich
T1689,C00042,R026,11963,Cappuccino
T1690,C00746,R011,10081,Croissant
T1690,C00746,R011,6365,Scone
T1691,C00300,R011,5538,Muffin
T1691,C00300,R011,10764,Scone
T1691,C00300,R011,5785,Croissant
T1692,C00205,R010,6601,Muffin
T1692,C00205,R010,5412,Croissant
T1693,C00049,R006,7400,Americano
T1693,C00049,R006,4815,Bagel
T1693,C00049,R006,3460,Latte
T1694,C00216,R027,4338,Latte
T1694,C00216,R027,8097,Muffin
T1695,C00650,R003,9814,Croissant
T1695,C00650,R003,8422,Cappuccino
T1696,C00253,R030,7525,Bagel
T1696,C00253,R030,3508,Mocha
T1696,C00253,R030,3770,Sandwich
T1697,C00480,R002,6325,Americano
T1697,C00480,R002,7176,Cappuccino
T1697,C00480,R002,9779,Muffin
T1698,C00538,R006,11168,Cappuccino
T1698,C00538,R006,7064,Americano
T1699,C00340,R002,6790,Muffin
T1699,C00340,R002,10092,Cappuccino
T1700,C00456,R017,3033,Croissant
T1700,C00456,R017,11872,Sandwich
T1700,C00456,R017,7946,Cappuccino
T1701,C00604,R009,4943,Scone
T1701,C00604,R009,9023,Mocha
T1702,C00980,R001,8717,Scone
T1702,C00980,R001,7193,Croissant
T1703,C00667,R008,3108,Muffin
T1703,C00667,R008,8600,Mocha
T1704,C00695,R012,11625,Americano
T1704,C00695,R012,5831,Scone
T1704,C00695,R012,7317,Mocha
T1705,C00603,R027,8889,Americano
T1705,C00603,R027,3148,Latte
T1706,C00570,R020,7416,Cappuccino
T1706,C00570,R020,4441,Muffin
T1706,C00570,R020,10778,Bagel
T1707,C00419,R011,9060,Americano
T1707,C00419,R011,4013,Muffin
T1707,C00419,R011,5687,Croissant
T1708,C00578,R002,9160,Sandwich
T1708,C00578,R002,3998,Espresso
T1709,C00180,R029,7379,Latte
T1709,C00180,R029,6575,Cappuccino
T1709,C00180,R029,9644,Espresso
T1710,C00302,R004,6178,Americano
T1710,C00302,R004,5626,Espresso
T1711,C00384,R014,9534,Muffin
T1711,C00384,R014,11009,Cappuccino
T1712,C00825,R015,8497,Americano
T1712,C00825,R015,3637,Espresso
T1713,C00523,R001,5163,Bagel
T1713,C00523,R001,7320,Mocha
T1714,C00168,R002,7414,Scone
T1714,C00168,R002,8099,Sandwich
T1714,C00168,R002,8476,Espresso
T1715,C00942,R002,4782,Muffin
T1715,C00942,R002,6577,Croissant
T1715,C00942,R002,7752,Cappuccino
T1716,C00443,R025,7328,Bagel
T1716,C00443,R025,8580,Americano
T1717,C00465,R004,10333,Latte
T1717,C00465,R004,8331,Cappuccino
T1718,C00901,R025,9993,Latte
T1718,C00901,R025,6641,Mocha
T1719,C00718,R001,3044,Espresso
T1719,C00718,R001,8292,Cappuccino
T1719,C00718,R001,6665,Bagel
T1720,C00203,R023,7113,Bagel
T1720,C00203,R023,6293,Americano
T1721,C00556,R011,7689,Sandwich
T1721,C00556,R011,5718,Espresso
T1721,C00556,R011,6881,Latte
T1722,C00232,R002,5444,Espresso
T1722,C00232,R002,5760,Croissant
T1722,C00232,R002,5831,Americano
T1723,C00811,R007,5912,Scone
T1723,C00811,R007,9827,Croissant
T1723,C00811,R007,9704,Bagel
T1724,C00199,R002,9936,Muffin
T1724,C00199,R002,9891,Bagel
T1724,C00199,R002,10752,Americano
T1725,C00064,R020,7785,Latte
T1725,C00064,R020,8770,Mocha
T1725,C00064,R020,9951,Bagel
T1726,C00180,R021,4100,Mocha
T1726,C00180,R021,8491,Espresso
T1727,C00455,R019,8948,Cappuccino
T1727,C00455,R019,8795,Americano
T1728,C00103,R001,11772,Americano
T1728,C00103,R001,6555,Scone
T1729,C00094,R003,9493,Mocha
T1729,C00094,R003,7672,Cappuccino
T1729,C00094,R003,3504,Latte
T1730,C00416,R024,4267,Sandwich
T1730,C00416,R024,5459,Scone
T1730,C00416,R024,4544,Mocha
T1731,C00520,R013,8480,Bagel
T1731,C00520,R013,3834,Espresso
T1732,C00760,R001,9560,Espresso
T1732,C00760,R001,8961,Muffin
T1732,C00760,R001,5350,Americano
T1733,C00398,R007,9345,Latte
T1733,C00398,R007,5822,Muffin
T1734,C00875,R019,7928,Muffin
T1734,C00875,R019,8044,Croissant
T1735,C00636,R001,5628,Espresso
T1735,C00636,R001,4304,Scone
T1735,C00636,R001,10419,Mocha
T1736,C00188,R012,3179,Americano
T1736,C00188,R012,5206,Bagel
T1736,C00188,R012,5801,Muffin
T1737,C00285,R013,6892,Espresso
T1737,C00285,R013,3530,Mocha
T1738,C00327,R002,8151,Mocha
T1738,C00327,R002,7338,Scone
T1739,C00626,R027,4688,Cappuccino
T1739,C00626,R027,9180,Latte
T1740,C00282,R026,9012,Croissant
T1740,C00282,R026,3101,Mocha
T1740,C00282,R026,9897,Sandwich
T1741,C00346,R007,11219,Mocha
T1741,C00346,R007,7549,Muffin
T1742,C00875,R009,6639,Mocha
T1742,C00875,R009,3854,Muffin
T1743,C00132,R002,10216,Scone
T1743,C00132,R002,9749,Bagel
T1744,C00613,R023,3532,Bagel
T1744,C00613,R023,4159,Scone
T1745,C00263,R020,10599,Cappuccino
T1745,C00263,R020,3659,Muffin
T1746,C00534,R001,8925,Bagel
T1746,C00534,R001,5685,Scone
T1747,C00122,R001,10022,Muffin
T1747,C00122,R001,11691,Scone
T1748,C00513,R011,9857,Bagel
T1748,C00513,R011,8876,Scone
T1748,C00513,R011,8179,Sandwich
T1749,C00654,R004,7524,Sandwich
T1749,C00654,R004,5643,Espresso
T1750,C00603,R027,3002,Scone
T1750,C00603,R027,11700,Sandwich
T1750,C00603,R027,8429,Bagel
T1751,C00889,R011,7117,Espresso
T1751,C00889,R011,10834,Scone
T1752,C00972,R005,5561,Espresso
T1752,C00972,R005,9155,Latte
T1753,C00565,R012,7796,Espresso
T1753,C00565,R012,6552,Scone
T1753,C00565,R012,10565,Americano
T1754,C00569,R021,8065,Muffin
T1754,C00569,R021,8910,Mocha
T1754,C00569,R021,7431,Bagel
T1755,C00883,R008,4884,Americano
T1755,C00883,R008,6295,Cappuccino
T1755,C00883,R008,11485,Croissant
T1756,C00964,R025,5286,Americano
T1756,C00964,R025,3310,Sandwich
T1757,C00558,R010,6513,Mocha
T1757,C00558,R010,4122,Espresso
T1757,C00558,R010,6604,Americano
T1758,C00091,R019,5612,Cappuccino
T1758,C00091,R019,5419,Mocha
T1758,C00091,R019,5981,Scone
T1759,C00551,R008,5588,Americano
T1759,C00551,R008,7474,Sandwich
T1760,C00459,R004,4984,Latte
T1760,C00459,R004,3678,Croissant
T1761,C00160,R013,5991,Mocha
T1761,C00160,R013,10271,Espresso
T1761,C00160,R013,3989,Americano
T1762,C00437,R024,3037,Sandwich
T1762,C00437,R024,5108,Cappuccino
T1763,C00740,R016,6593,Espresso
T1763,C00740,R016,8710,Croissant
T1763,C00740,R016,10980,Muffin
T1764,C00411,R013,9654,Bagel
T1764,C00411,R013,7165,Americano
T1764,C00411,R013,11711,Croissant
T1765,C00439,R009,4450,Espresso
T1765,C00439,R009,3009,Cappuccino
T1766,C00890,R021,11303,Americano
T1766,C00890,R021,10278,Espresso
T1767,C00879,R002,6994,Latte
T1767,C00879,R002,10433,Americano
T1767,C00879,R002,9995,Muffin
T1768,C00894,R009,4418,Muffin
T1768,C00894,R009,5786,Espresso
T1769,C00065,R024,5721,Americano
T1769,C00065,R024,11320,Scone
T1770,C00881,R020,10290,Mocha
T1770,C00881,R020,4054,Muffin
T1770,C00881,R020,5986,Scone
T1771,C00657,R012,11467,Bagel
T1771,C00657,R012,11401,Americano
T1772,C00575,R019,8765,Cappuccino
T1772,C00575,R019,8846,Latte
T1772,C00575,R019,11738,Muffin
T1773,C00150,R003,9781,Espresso
T1773,C00150,R003,10932,Scone
T1773,C00150,R003,7079,Croissant
T1774,C00445,R010,11381,Bagel
T1774,C00445,R010,6246,Croissant
T1775,C00663,R001,10409,Mocha
T1775,C00663,R001,3125,Espresso
T1775,C00663,R001,10912,Cappuccino
T1776,C00699,R021,3767,Bagel
T1776,C00699,R021,4792,Mocha
T1777,C00275,R003,6333,Muffin
T1777,C00275,R003,6578,Latte
T1777,C00275,R003,10610,Scone
T1778,C00074,R002,8020,Latte
T1778,C00074,R002,8757,Americano
T1779,C00495,R008,3766,Espresso
T1779,C00495,R008,9523,Americano
T1779,C00495,R008,7311,Latte
T1780,C00432,R021,8191,Espresso
T1780,C00432,R021,9760,Scone
T1780,C00432,R021,8082,Sandwich
T1781,C00486,R014,10552,Cappuccino
T1781,C00486,R014,5398,Mocha
T1781,C00486,R014,5048,Americano
T1782,C00741,R006,3801,Bagel
T1782,C00741,R006,11918,Muffin
T1783,C00949,R023,7080,Cappuccino
T1783,C00949,R023,8287,Muffin
T1784,C00018,R020,6828,Sandwich
T1784,C00018,R020,4198,Muffin
T1785,C00696,R021,10613,Latte
T1785,C00696,R021,7018,Espresso
T1786,C00582,R008,8298,Bagel
T1786,C00582,R008,4099,Latte
T1787,C00500,R024,5586,Americano
T1787,C00500,R024,9424,Bagel
T1788,C00373,R022,7064,Sandwich
T1788,C00373,R022,10123,Latte
T1788,C00373,R022,4443,Bagel
T1789,C00624,R022,9148,Sandwich
T1789,C00624,R022,9976,Scone
T1789,C00624,R022,6036,Mocha
T1790,C00413,R002,6957,Espresso
T1790,C00413,R002,8899,Cappuccino
T1790,C00413,R002,4935,Scone
T1791,C00412,R002,4930,Mocha
T1791,C00412,R002,9282,Scone
T1792,C00073,R011,10996,Sandwich
T1792,C00073,R011,4226,Cappuccino
T1792,C00073,R011,5860,Scone
T1793,C00512,R025,6735,Latte
T1793,C00512,R025,7052,Muffin
T1793,C00512,R025,5086,Croissant
T1794,C00002,R020,4286,Croissant
T1794,C00002,R020,4057,Mocha
T1794,C00002,R020,9723,Muffin
T1795,C00346,R027,3118,Americano
T1795,C00346,R027,11982,Muffin
T1796,C00140,R018,6064,Scone
T1796,C00140,R018,11815,Americano
T1797,C00058,R023,7574,Scone
T1797,C00058,R023,5310,Muffin
T1798,C00444,R018,10418,Sandwich
T1798,C00444,R018,11659,Bagel
T1799,C00253,R025,9782,Scone
T1799,C00253,R025,9530,Bagel
T1800,C00566,R021,9017,Scone
T1800,C00566,R021,11691,Americano
T1800,C00566,R021,5102,Sandwich
T1801,C00753,R028,8006,Bagel
T1801,C00753,R028,3167,Americano
T1802,C00314,R020,5810,Scone
T1802,C00314,R020,6926,Espresso
T1802,C00314,R020,7780,Croissant
T1803,C00172,R024,10535,Cappuccino
T1803,C00172,R024,5996,Bagel
T1804,C00808,R003,7892,Muffin
T1804,C00808,R003,6375,Americano
T1804,C00808,R003,10260,Scone
T1805,C00179,R006,6015,Sandwich
T1805,C00179,R006,8249,Muffin
T1805,C00179,R006,11930,Americano
T1806,C00077,R016,8328,Bagel
T1806,C00077,R016,8496,Muffin
T1807,C00842,R012,6711,Mocha
T1807,C00842,R012,7589,Bagel
T1807,C00842,R012,4630,Latte
T1808,C00502,R019,8828,Espresso
T1808,C00502,R019,6737,Americano
T1809,C00806,R019,9028,Latte
T1809,C00806,R019,6574,Cappuccino
T1809,C00806,R019,7233,Muffin
T1810,C00671,R008,5286,Bagel
T1810,C00671,R008,8862,Espresso
T1811,C00091,R025,8786,Mocha
T1811,C00091,R025,11843,Muffin
T1812,C00793,R025,6996,Mocha
T1812,C00793,R025,11075,Muffin
T1812,C00793,R025,9406,Espresso
T1813,C00797,R002,11149,Croissant
T1813,C00797,R002,6675,Sandwich
T1813,C00797,R002,7071,Mocha
T1814,C00930,R018,9278,Latte
T1814,C00930,R018,11525,Sandwich
T1814,C00930,R018,8580,Bagel
T1815,C00411,R016,6512,Scone
T1815,C00411,R016,3661,Croissant
T1815,C00411,R016,8106,Bagel
T1816,C00821,R028,4450,Scone
T1816,C00821,R028,9490,Mocha
T1816,C00821,R028,5404,Americano
T1817,C00528,R028,9030,Scone
T1817,C00528,R028,8437,Croissant
T1818,C00845,R018,6636,Sandwich
T1818,C00845,R018,6558,Cappuccino
T1818,C00845,R018,10708,Latte
T1819,C00728,R022,7590,Sandwich
T1819,C00728,R022,10575,Americano
T1819,C00728,R022,5714,Espresso
T1820,C00889,R028,11035,Muffin
T1820,C00889,R028,11440,Cappuccino
T1820,C00889,R028,9299,Bagel
T1821,C00707,R023,5098,Croissant
T1821,C00707,R023,4440,Muffin
T1821,C00707,R023,5325,Americano
T1822,C00603,R005,10507,Espresso
T1822,C00603,R005,3346,Americano
T1823,C00678,R021,3548,Latte
T1823,C00678,R021,6790,Espresso
T1823,C00678,R021,5314,Sandwich
T1824,C00950,R019,5489,Americano
T1824,C00950,R019,7478,Cappuccino
T1825,C00337,R010,5944,Latte
T1825,C00337,R010,8315,Muffin
T1825,C00337,R010,6108,Croissant
T1826,C00535,R001,9920,Sandwich
T1826,C00535,R001,7071,Americano
T1826,C00535,R001,8699,Cappuccino
T1827,C00564,R001,3228,Scone
T1827,C00564,R001,9835,Muffin
T1827,C00564,R001,3888,Sandwich
T1828,C00116,R022,3959,Scone
T1828,C00116,R022,9686,Muffin
T1829,C00801,R003,11857,Americano
T1829,C00801,R003,10463,Cappuccino
T1830,C00741,R015,5159,Muffin
T1830,C00741,R015,3850,Latte
T1830,C00741,R015,3586,Croissant
T1831,C00342,R014,11750,Sandwich
T1831,C00342,R014,8271,Scone
T1832,C00341,R022,6605,Scone
T1832,C00341,R022,5328,Cappuccino
T1833,C00880,R002,8770,Mocha
T1833,C00880,R002,11736,Espresso
T1834,C00419,R008,11210,Bagel
T1834,C00419,R008,11896,Croissant
T1835,C00617,R011,7407,Muffin
T1835,C00617,R011,3391,Espresso
T1836,C00479,R017,8997,Mocha
T1836,C00479,R017,8553,Bagel
T1837,C00012,R021,11142,Croissant
T1837,C00012,R021,7903,Scone
T1837,C00012,R021,11928,Latte
T1838,C00656,R014,6567,Mocha
T1838,C00656,R014,9396,Bagel
T1839,C00701,R023,3301,Bagel
T1839,C00701,R023,8511,Croissant
T1840,C00235,R025,10175,Croissant
T1840,C00235,R025,6137,Latte
T1840,C00235,R025,8587,Muffin
T1841,C00095,R026,3238,Croissant
T1841,C00095,R026,4606,Cappuccino
T1842,C00973,R020,5174,Espresso
T1842,C00973,R020,9787,Americano
T1842,C00973,R020,5060,Croissant
T1843,C00133,R007,8469,Bagel
T1843,C00133,R007,5510,Cappuccino
T1844,C00773,R011,5746,Bagel
T1844,C00773,R011,10374,Cappuccino
T1845,C00698,R004,8395,Croissant
T1845,C00698,R004,9158,Scone
T1845,C00698,R004,3546,Americano
T1846,C00498,R017,3677,Croissant
T1846,C00498,R017,3244,Americano
T1847,C00113,R026,11621,Cappuccino
T1847,C00113,R026,9026,Mocha
T1848,C00690,R001,6296,Muffin
T1848,C00690,R001,6238,Espresso
T1849,C00723,R008,9133,Scone
T1849,C00723,R008,8978,Americano
T1849,C00723,R008,7385,Muffin
T1850,C00836,R030,7869,Cappuccino
T1850,C00836,R030,7169,Sandwich
T1851,C00132,R019,8031,Bagel
T1851,C00132,R019,5111,Mocha
T1852,C00175,R010,6564,Scone
T1852,C00175,R010,7739,Cappuccino
T1852,C00175,R010,7409,Muffin
T1853,C00692,R007,3694,Croissant
T1853,C00692,R007,4277,Americano
T1853,C00692,R007,10128,Sandwich
T1854,C00845,R006,9619,Americano
T1854,C00845,R006,3051,Mocha
T1854,C00845,R006,5601,Croissant
T1855,C00897,R018,5614,Croissant
T1855,C00897,R018,8417,Scone
T1855,C00897,R018,9615,Espresso
T1856,C00567,R010,3933,Americano
T1856,C00567,R010,9617,Bagel
T1856,C00567,R010,3155,Espresso
T1857,C00189,R002,3513,Muffin
T1857,C00189,R002,10502,Americano
T1858,C00112,R005,10708,Mocha
T1858,C00112,R005,5894,Latte
T1858,C00112,R005,4887,Sandwich
T1859,C00830,R008,6663,Sandwich
T1859,C00830,R008,10898,Bagel
T1859,C00830,R008,6539,Americano
T1860,C00154,R028,9162,Mocha
T1860,C00154,R028,9701,Latte
T1860,C00154,R028,5974,Espresso
T1861,C00815,R028,3769,Muffin
T1861,C00815,R028,10605,Mocha
T1861,C00815,R028,8753,Bagel
T1862,C00821,R028,11628,Muffin
T1862,C00821,R028,6293,Croissant
T1863,C00830,R008,8872,Muffin
T1863,C00830,R008,4455,Mocha
T1864,C00697,R026,7791,Espresso
T1864,C00697,R026,8360,Scone
T1865,C00578,R003,7060,Sandwich
T1865,C00578,R003,7383,Cappuccino
T1865,C00578,R003,5219,Muffin
T1866,C00280,R020,4441,Scone
T1866,C00280,R020,5560,Latte
T1866,C00280,R020,4725,Mocha
T1867,C00173,R013,5664,Cappuccino
T1867,C00173,R013,11715,Mocha
T1868,C00480,R021,7030,Bagel
T1868,C00480,R021,6836,Americano
T1869,C00806,R002,5015,Scone
T1869,C00806,R002,6105,Sandwich
T1870,C00525,R004,5061,Scone
T1870,C00525,R004,8760,Americano
T1871,C00911,R029,6915,Americano
T1871,C00911,R029,3913,Scone
T1871,C00911,R029,6778,Muffin
T1872,C00621,R018,3095,Mocha
T1872,C00621,R018,11288,Americano
T1873,C00031,R013,11035,Mocha
T1873,C00031,R013,10947,Scone
T1873,C00031,R013,5248,Espresso
T1874,C00131,R004,4897,Cappuccino
T1874,C00131,R004,11793,Scone
T1875,C00635,R015,8149,Cappuccino
T1875,C00635,R015,7574,Muffin
T1876,C00493,R011,4258,Croissant
T1876,C00493,R011,4768,Muffin
T1876,C00493,R011,9591,Cappuccino
T1877,C00386,R002,4642,Sandwich
T1877,C00386,R002,8283,Croissant
T1877,C00386,R002,5525,Mocha
T1878,C00652,R009,9998,Cappuccino
T1878,C00652,R009,3375,Muffin
T1878,C00652,R009,11346,Sandwich
T1879,C00492,R023,5390,Espresso
T1879,C00492,R023,10148,Muffin
T1879,C00492,R023,4805,Scone
T1880,C00987,R006,3924,Cappuccino
T1880,C00987,R006,4710,Latte
T1880,C00987,R006,8155,Croissant
T1881,C00727,R020,5526,Muffin
T1881,C00727,R020,4818,Americano
T1881,C00727,R020,9186,Espresso
T1882,C00464,R021,5311,Muffin
T1882,C00464,R021,5273,Scone
T1882,C00464,R021,3810,Espresso
T1883,C00081,R010,9698,Sandwich
T1883,C00081,R010,9005,Bagel
T1883,C00081,R010,3001,Cappuccino
T1884,C00244,R020,6134,Cappuccino
T1884,C00244,R020,5568,Espresso
T1884,C00244,R020,5232,Scone
T1885,C00600,R003,7451,Latte
T1885,C00600,R003,5519,Sandwich
T1886,C00493,R028,4433,Muffin
T1886,C00493,R028,11240,Mocha
T1886,C00493,R028,7283,Americano
T1887,C00731,R020,11223,Americano
T1887,C00731,R020,4794,Espresso
T1887,C00731,R020,11989,Croissant
T1888,C00705,R024,5754,Scone
T1888,C00705,R024,11075,Espresso
T1889,C00379,R014,9402,Latte
T1889,C00379,R014,9795,Scone
T1889,C00379,R014,9680,Muffin
T1890,C00202,R001,3339,Americano
T1890,C00202,R001,8371,Espresso
T1891,C00763,R011,3956,Muffin
T1891,C00763,R011,11469,Mocha
T1892,C00152,R017,9436,Espresso
T1892,C00152,R017,10299,Mocha
T1893,C00001,R016,8704,Sandwich
T1893,C00001,R016,6567,Latte
T1893,C00001,R016,8347,Croissant
T1894,C00172,R029,7307,Croissant
T1894,C00172,R029,5108,Espresso
T1895,C00655,R007,8504,Scone
T1895,C00655,R007,6577,Cappuccino
T1895,C00655,R007,3225,Muffin
T1896,C00447,R022,9634,Sandwich
T1896,C00447,R022,11042,Espresso
T1897,C00015,R029,5090,Croissant
T1897,C00015,R029,3434,Bagel
T1897,C00015,R029,7581,Sandwich
T1898,C00106,R022,7471,Bagel
T1898,C00106,R022,9893,Croissant
T1899,C00746,R016,3403,Scone
T1899,C00746,R016,3670,Cappuccino
T1899,C00746,R016,8903,Bagel
T1900,C00301,R005,4150,Americano
T1900,C00301,R005,4170,Muffin
T1900,C00301,R005,8231,Cappuccino
T1901,C00606,R003,8392,Espresso
T1901,C00606,R003,9911,Bagel
T1901,C00606,R003,9870,Muffin
T1902,C00408,R026,6277,Bagel
T1902,C00408,R026,10054,Latte
T1903,C00945,R027,9188,Espresso
T1903,C00945,R027,7132,Croissant
T1904,C00080,R006,10511,Espresso
T1904,C00080,R006,10076,Americano
T1904,C00080,R006,4747,Latte
T1905,C00726,R023,6506,Scone
T1905,C00726,R023,5093,Espresso
T1905,C00726,R023,8016,Latte
T1906,C00161,R022,6927,Croissant
T1906,C00161,R022,10677,Scone
T1907,C00841,R001,7550,Espresso
T1907,C00841,R001,8605,Americano
T1908,C00241,R021,11314,Muffin
T1908,C00241,R021,9042,Cappuccino
T1908,C00241,R021,7941,Bagel
T1909,C00146,R022,9634,Croissant
T1909,C00146,R022,9614,Sandwich
T1909,C00146,R022,4912,Cappuccino
T1910,C00165,R027,10968,Scone
T1910,C00165,R027,4346,Cappuccino
T1910,C00165,R027,3121,Latte
T1911,C00561,R006,4893,Espresso
T1911,C00561,R006,5421,Sandwich
T1912,C00603,R007,10292,Sandwich
T1912,C00603,R007,3776,Espresso
T1912,C00603,R007,4502,Mocha
T1913,C00416,R026,9820,Croissant
T1913,C00416,R026,7543,Sandwich
T1913,C00416,R026,10555,Mocha
T1914,C00940,R003,9016,Muffin
T1914,C00940,R003,10915,Cappuccino
T1915,C00619,R016,4777,Muffin
T1915,C00619,R016,5407,Sandwich
T1915,C00619,R016,9540,Americano
T1916,C00627,R008,3799,Cappuccino
T1916,C00627,R008,11561,Sandwich
T1917,C00626,R005,10447,Sandwich
T1917,C00626,R005,7019,Muffin
T1917,C00626,R005,9217,Croissant
T1918,C00650,R019,5818,Mocha
T1918,C00650,R019,6488,Americano
T1919,C00527,R015,10448,Sandwich
T1919,C00527,R015,4695,Latte
T1919,C00527,R015,6368,Mocha
T1920,C00976,R013,8343,Scone
T1920,C00976,R013,11063,Mocha
T1920,C00976,R013,5444,Americano
T1921,C00895,R014,4401,Latte
T1921,C00895,R014,4450,Cappuccino
T1921,C00895,R014,6398,Mocha
T1922,C00319,R003,4677,Muffin
T1922,C00319,R003,11882,Cappuccino
T1923,C00455,R008,3569,Bagel
T1923,C00455,R008,3751,Scone
T1923,C00455,R008,10976,Sandwich
T1924,C00923,R019,4772,Croissant
T1924,C00923,R019,11508,Bagel
T1925,C00743,R016,10815,Croissant
T1925,C00743,R016,11689,Sandwich
T1925,C00743,R016,3164,Bagel
T1926,C00756,R025,4358,Mocha
T1926,C00756,R025,4586,Muffin
T1926,C00756,R025,8108,Cappuccino
T1927,C00887,R009,4546,Americano
T1927,C00887,R009,5691,Muffin
T1927,C00887,R009,3514,Scone
T1928,C00901,R021,8543,Latte
T1928,C00901,R021,10043,Scone
T1929,C00120,R005,9236,Sandwich
T1929,C00120,R005,4818,Croissant
T1929,C00120,R005,4583,Espresso
T1930,C00781,R029,4483,Cappuccino
T1930,C00781,R029,11708,Mocha
T1931,C00510,R011,7941,Bagel
T1931,C00510,R011,4441,Muffin
T1932,C00101,R001,11442,Bagel
T1932,C00101,R001,3646,Croissant
T1933,C00217,R003,6644,Sandwich
T1933,C00217,R003,9919,Bagel
T1934,C00742,R006,5869,Americano
T1934,C00742,R006,6404,Muffin
T1934,C00742,R006,10794,Mocha
T1935,C00852,R022,6453,Bagel
T1935,C00852,R022,9492,Scone
T1936,C00438,R011,11096,Espresso
T1936,C00438,R011,8801,Muffin
T1937,C00739,R011,9438,Sandwich
T1937,C00739,R011,10651,Muffin
T1937,C00739,R011,4063,Latte
T1938,C00194,R021,4218,Latte
T1938,C00194,R021,9750,Cappuccino
T1938,C00194,R021,6971,Mocha
T1939,C00447,R018,3944,Cappuccino
T1939,C00447,R018,6119,Latte
T1940,C00631,R013,3845,Muffin
T1940,C00631,R013,5193,Mocha
T1941,C00280,R009,7886,Scone
T1941,C00280,R009,7929,Bagel
T1941,C00280,R009,7766,Latte
T1942,C00389,R027,7481,Espresso
T1942,C00389,R027,3238,Americano
T1942,C00389,R027,5728,Cappuccino
T1943,C00714,R014,9141,Bagel
T1943,C00714,R014,8228,Espresso
T1944,C00539,R018,4795,Croissant
T1944,C00539,R018,11747,Cappuccino
T1945,C00471,R021,3862,Scone
T1945,C00471,R021,6039,Croissant
T1945,C00471,R021,8049,Cappuccino
T1946,C00379,R018,5893,Scone
T1946,C00379,R018,8128,Bagel
T1946,C00379,R018,4704,Sandwich
T1947,C00882,R007,8875,Scone
T1947,C00882,R007,6838,Mocha
T1948,C00168,R011,10670,Sandwich
T1948,C00168,R011,4831,Cappuccino
T1949,C00495,R002,8194,Scone
T1949,C00495,R002,7707,Mocha
T1950,C00717,R006,9660,Muffin
T1950,C00717,R006,7622,Latte
T1951,C00987,R010,6830,Sandwich
T1951,C00987,R010,3581,Latte
T1952,C00677,R006,9317,Sandwich
T1952,C00677,R006,6929,Croissant
T1953,C00382,R020,4944,Mocha
T1953,C00382,R020,4792,Bagel
T1954,C00978,R015,8366,Cappuccino
T1954,C00978,R015,7836,Americano
T1955,C00516,R022,4709,Scone
T1955,C00516,R022,9040,Mocha
T1955,C00516,R022,7753,Cappuccino
T1956,C00420,R013,9246,Croissant
T1956,C00420,R013,7132,Muffin
T1956,C00420,R013,6842,Latte
T1957,C00398,R008,4984,Muffin
T1957,C00398,R008,8584,Bagel
T1957,C00398,R008,8685,Americano
T1958,C00882,R027,8881,Cappuccino
T1958,C00882,R027,3065,Sandwich
T1959,C00387,R001,8288,Espresso
T1959,C00387,R001,6537,Mocha
T1959,C00387,R001,8061,Scone
T1960,C00476,R030,8312,Scone
T1960,C00476,R030,10827,Sandwich
T1960,C00476,R030,9635,Latte
T1961,C00664,R003,3712,Croissant
T1961,C00664,R003,11668,Bagel
T1962,C00645,R027,5029,Sandwich
T1962,C00645,R027,4194,Scone
T1963,C00031,R027,10003,Espresso
T1963,C00031,R027,5526,Cappuccino
T1963,C00031,R027,9136,Americano
T1964,C00173,R008,7725,Muffin
T1964,C00173,R008,11556,Espresso
T1964,C00173,R008,9342,Sandwich
T1965,C00575,R003,7944,Croissant
T1965,C00575,R003,8560,Bagel
T1966,C00827,R008,4382,Bagel
T1966,C00827,R008,9495,Espresso
T1966,C00827,R008,11570,Muffin
T1967,C00418,R009,11380,Croissant
T1967,C00418,R009,3581,Americano
T1967,C00418,R009,5661,Mocha
T1968,C00803,R025,11775,Espresso
T1968,C00803,R025,6817,Croissant
T1969,C00181,R024,8125,Americano
T1969,C00181,R024,6769,Cappuccino
T1969,C00181,R024,9635,Mocha
T1970,C00734,R012,3159,Muffin
T1970,C00734,R012,4092,Cappuccino
T1970,C00734,R012,9425,Scone
T1971,C00079,R021,10810,Latte
T1971,C00079,R021,5621,Bagel
T1972,C00564,R008,7739,Latte
T1972,C00564,R008,11523,Espresso
T1973,C00038,R003,9772,Croissant
T1973,C00038,R003,6753,Bagel
T1973,C00038,R003,7672,Espresso
T1974,C00457,R024,5236,Croissant
T1974,C00457,R024,6478,Mocha
T1974,C00457,R024,11409,Americano
T1975,C00642,R014,4482,Croissant
T1975,C00642,R014,5002,Americano
T1976,C00439,R022,11267,Bagel
T1976,C00439,R022,4005,Americano
T1976,C00439,R022,9428,Cappuccino
T1977,C00308,R004,11707,Espresso
T1977,C00308,R004,11380,Muffin
T1978,C00632,R019,9877,Mocha
T1978,C00632,R019,3419,Scone
T1979,C00056,R025,4159,Croissant
T1979,C00056,R025,6442,Cappuccino
T1980,C00630,R027,11433,Muffin
T1980,C00630,R027,11054,Sandwich
T1980,C00630,R027,4776,Croissant
T1981,C00116,R008,8834,Sandwich
T1981,C00116,R008,10602,Muffin
T1982,C00091,R019,8281,Mocha
T1982,C00091,R019,4702,Sandwich
T1982,C00091,R019,7723,Cappuccino
T1983,C00366,R024,10067,Latte
T1983,C00366,R024,5238,Cappuccino
T1983,C00366,R024,7414,Sandwich
T1984,C00513,R025,7862,Americano
T1984,C00513,R025,9233,Cappuccino
T1985,C00333,R010,11182,Croissant
T1985,C00333,R010,10092,Mocha
T1986,C00080,R022,5513,Americano
T1986,C00080,R022,10716,Croissant
T1986,C00080,R022,9437,Muffin
T1987,C00312,R004,11080,Bagel
T1987,C00312,R004,9050,Sandwich
T1987,C00312,R004,10421,Mocha
T1988,C00432,R022,6093,Espresso
T1988,C00432,R022,11727,Latte
T1988,C00432,R022,8655,Americano
T1989,C00365,R021,4143,Croissant
T1989,C00365,R021,11289,Muffin
T1990,C00703,R004,10332,Americano
T1990,C00703,R004,8367,Croissant
T1990,C00703,R004,4970,Espresso
T1991,C00913,R018,6984,Mocha
T1991,C00913,R018,4456,Cappuccino
T1991,C00913,R018,10991,Bagel
T1992,C00383,R008,9012,Muffin
T1992,C00383,R008,9859,Croissant
T1993,C00805,R002,3213,Scone
T1993,C00805,R002,11685,Mocha
T1994,C00233,R027,3811,Sandwich
T1994,C00233,R027,4455,Mocha
T1994,C00233,R027,8739,Bagel
T1995,C00738,R004,10001,Muffin
T1995,C00738,R004,9477,Bagel
T1995,C00738,R004,7234,Mocha
T1996,C00097,R005,6224,Muffin
T1996,C00097,R005,11281,Scone
T1996,C00097,R005,11986,Americano
T1997,C00122,R024,8755,Bagel
T1997,C00122,R024,7725,Latte
T1998,C00942,R008,10872,Americano
T1998,C00942,R008,3741,Sandwich
T1998,C00942,R008,10324,Latte
T1999,C00671,R013,4149,Americano
T1999,C00671,R013,3009,Cappuccino
T1999,C00671,R013,10577,Latte
T2000,C00552,R020,6130,Sandwich
T2000,C00552,R020,7456,Americano
T2000,C00552,R020,8009,Bagel
T2001,C00681,R013,3447,Cappuccino
T2001,C00681,R013,6147,Croissant
T2001,C00681,R013,10099,Scone
T2002,C00121,R007,6599,Bagel
T2002,C00121,R007,7077,Scone
T2003,C00232,R010,11684,Latte
T2003,C00232,R010,11587,Cappuccino
T2003,C00232,R010,9167,Mocha
T2004,C00021,R030,6242,Mocha
T2004,C00021,R030,5531,Espresso
T2005,C00263,R023,8679,Sandwich
T2005,C00263,R023,4816,Espresso
T2006,C00925,R020,7998,Croissant
T2006,C00925,R020,9129,Latte
T2006,C00925,R020,11552,Americano
T2007,C00609,R010,9326,Muffin
T2007,C00609,R010,10794,Americano
T2007,C00609,R010,3369,Sandwich
T2008,C00362,R001,9722,Scone
T2008,C00362,R001,3515,Espresso
T2009,C00282,R009,11391,Mocha
T2009,C00282,R009,10620,Sandwich
T2010,C00578,R028,4442,Bagel
T2010,C00578,R028,9235,Latte
T2010,C00578,R028,11772,Mocha
T2011,C00655,R027,10130,Scone
T2011,C00655,R027,3499,Croissant
T2012,C00983,R014,4758,Croissant
T2012,C00983,R014,5938,Cappuccino
T2013,C00343,R021,6122,Latte
T2013,C00343,R021,8960,Mocha
T2014,C00082,R028,9261,Latte
T2014,C00082,R028,3708,Croissant
T2015,C00400,R021,3968,Espresso
T2015,C00400,R021,10382,Mocha
T2015,C00400,R021,6738,Cappuccino
T2016,C00586,R005,10835,Bagel
T2016,C00586,R005,4084,Latte
T2016,C00586,R005,10783,Espresso
T2017,C00493,R029,8827,Americano
T2017,C00493,R029,4428,Sandwich
T2017,C00493,R029,6999,Espresso
T2018,C00369,R025,9892,Cappuccino
T2018,C00369,R025,9481,Bagel
T2019,C00197,R008,9869,Croissant
T2019,C00197,R008,5094,Mocha
T2019,C00197,R008,10400,Espresso
T2020,C00178,R010,10167,Muffin
T2020,C00178,R010,3485,Bagel
T2021,C00688,R007,7725,Scone
T2021,C00688,R007,4052,Espresso
T2022,C00453,R024,8347,Cappuccino
T2022,C00453,R024,5559,Croissant
T2023,C00227,R028,8621,Americano
T2023,C00227,R028,8390,Croissant
T2024,C00362,R029,6897,Muffin
T2024,C00362,R029,4136,Latte
T2025,C00435,R024,9754,Espresso
T2025,C00435,R024,4277,Sandwich
T2026,C00355,R021,9839,Cappuccino
T2026,C00355,R021,7974,Mocha
T2026,C00355,R021,11896,Scone
T2027,C00021,R019,3669,Espresso
T2027,C00021,R019,3804,Croissant
T2028,C00830,R015,7161,Latte
T2028,C00830,R015,9728,Scone
T2029,C00738,R007,5477,Americano
T2029,C00738,R007,11850,Mocha
T2029,C00738,R007,3533,Bagel
T2030,C00075,R012,10569,Latte
T2030,C00075,R012,5587,Espresso
T2030,C00075,R012,5658,Bagel
T2031,C00246,R024,10820,Sandwich
T2031,C00246,R024,9568,Cappuccino
T2032,C00762,R023,11821,Americano
T2032,C00762,R023,11386,Cappuccino
T2033,C00386,R020,6057,Americano
T2033,C00386,R020,10818,Sandwich
T2033,C00386,R020,5416,Bagel
T2034,C00659,R001,9720,Muffin
T2034,C00659,R001,6461,Croissant
T2035,C00836,R028,8404,Latte
T2035,C00836,R028,3916,Mocha
T2035,C00836,R028,9828,Muffin
T2036,C00720,R004,4784,Espresso
T2036,C00720,R004,7533,Sandwich
T2036,C00720,R004,4991,Bagel
T2037,C00815,R017,6674,Cappuccino
T2037,C00815,R017,8305,Espresso
T2037,C00815,R017,9963,Scone
T2038,C00051,R023,4399,Mocha
T2038,C00051,R023,4602,Croissant
T2039,C00597,R014,3674,Latte
T2039,C00597,R014,9304,Sandwich
T2039,C00597,R014,5618,Espresso
T2040,C00540,R018,11381,Mocha
T2040,C00540,R018,7204,Croissant
T2041,C00589,R017,3380,Espresso
T2041,C00589,R017,10184,Mocha
T2041,C00589,R017,10835,Scone
T2042,C00674,R014,11660,Croissant
T2042,C00674,R014,4586,Bagel
T2043,C00549,R001,8212,Croissant
T2043,C00549,R001,11888,Cappuccino
T2044,C00286,R006,6162,Americano
T2044,C00286,R006,8393,Scone
T2044,C00286,R006,11841,Espresso
T2045,C00467,R005,5916,Scone
T2045,C00467,R005,8142,Muffin
T2045,C00467,R005,4774,Mocha
T2046,C00604,R017,10689,Muffin
T2046,C00604,R017,10761,Espresso
T2046,C00604,R017,6963,Latte
T2047,C00446,R014,8041,Scone
T2047,C00446,R014,8947,Americano
T2047,C00446,R014,7353,Bagel
T2048,C00003,R010,5339,Americano
T2048,C00003,R010,7195,Sandwich
T2049,C00280,R018,7889,Bagel
T2049,C00280,R018,10735,Americano
T2049,C00280,R018,5450,Espresso
T2050,C00264,R024,11607,Cappuccino
T2050,C00264,R024,8116,Americano
T2051,C00461,R004,5556,Sandwich
T2051,C00461,R004,10175,Espresso
T2052,C00144,R018,7944,Latte
T2052,C00144,R018,4796,Muffin
T2052,C00144,R018,4322,Croissant
T2053,C00689,R025,9429,Croissant
T2053,C00689,R025,6172,Latte
T2054,C00574,R009,8543,Espresso
T2054,C00574,R009,5541,Croissant
T2054,C00574,R009,8687,Latte
T2055,C00711,R009,5532,Espresso
T2055,C00711,R009,6635,Muffin
T2055,C00711,R009,8988,Mocha
T2056,C00424,R028,10529,Americano
T2056,C00424,R028,7158,Espresso
T2057,C00588,R019,3279,Americano
T2057,C00588,R019,3818,Sandwich
T2057,C00588,R019,11939,Cappuccino
T2058,C00372,R016,4195,Croissant
T2058,C00372,R016,5028,Scone
T2058,C00372,R016,8638,Espresso
T2059,C00962,R001,8528,Espresso
T2059,C00962,R001,10978,Cappuccino
T2059,C00962,R001,10235,Muffin
T2060,C00907,R014,7118,Muffin
T2060,C00907,R014,6668,Scone
T2061,C00141,R021,11645,Mocha
T2061,C00141,R021,9381,Cappuccino
T2061,C00141,R021,10922,Scone
T2062,C00951,R023,10824,Scone
T2062,C00951,R023,11180,Bagel
T2062,C00951,R023,9648,Americano
T2063,C00726,R029,5530,Americano
T2063,C00726,R029,7982,Espresso
T2064,C00832,R001,10559,Mocha
T2064,C00832,R001,6602,Sandwich
T2064,C00832,R001,8251,Bagel
T2065,C00003,R009,11383,Cappuccino
T2065,C00003,R009,11686,Croissant
T2066,C00625,R018,9198,Latte
T2066,C00625,R018,4815,Americano
T2066,C00625,R018,5394,Cappuccino
T2067,C00261,R023,4008,Americano
T2067,C00261,R023,8592,Scone
T2067,C00261,R023,5538,Croissant
T2068,C00450,R004,5087,Latte
T2068,C00450,R004,11680,Mocha
T2069,C00662,R016,3551,Latte
T2069,C00662,R016,4401,Sandwich
T2070,C00088,R016,4091,Mocha
T2070,C00088,R016,5497,Croissant
T2070,C00088,R016,3268,Cappuccino
T2071,C00483,R030,10858,Croissant
T2071,C00483,R030,6154,Cappuccino
T2071,C00483,R030,3971,Sandwich
T2072,C00269,R004,8696,Scone
T2072,C00269,R004,3338,Muffin
T2073,C00986,R016,10679,Cappuccino
T2073,C00986,R016,10344,Muffin
T2074,C00612,R009,4707,Mocha
T2074,C00612,R009,4540,Scone
T2074,C00612,R009,11194,Muffin
T2075,C00400,R028,3902,Espresso
T2075,C00400,R028,3422,Mocha
T2076,C00498,R022,10842,Espresso
T2076,C00498,R022,5302,Muffin
T2076,C00498,R022,8906,Latte
T2077,C00221,R024,4501,Scone
T2077,C00221,R024,4347,Croissant
T2078,C00772,R026,7066,Bagel
T2078,C00772,R026,8941,Muffin
T2079,C00199,R004,7544,Scone
T2079,C00199,R004,4833,Croissant
T2080,C00288,R009,7745,Bagel
T2080,C00288,R009,11605,Cappuccino
T2080,C00288,R009,8292,Americano
T2081,C00006,R023,3666,Latte
T2081,C00006,R023,5433,Bagel
T2082,C00375,R015,5099,Mocha
T2082,C00375,R015,4368,Muffin
T2082,C00375,R015,7726,Americano
T2083,C00518,R010,10307,Cappuccino
T2083,C00518,R010,4980,Latte
T2083,C00518,R010,7841,Scone
T2084,C00952,R021,10145,Bagel
T2084,C00952,R021,8955,Americano
T2084,C00952,R021,4790,Scone
T2085,C00432,R018,6702,Latte
T2085,C00432,R018,10265,Muffin
T2085,C00432,R018,11566,Espresso
T2086,C00455,R014,3176,Sandwich
T2086,C00455,R014,5526,Bagel
T2087,C00159,R030,4560,Espresso
T2087,C00159,R030,9628,Muffin
T2087,C00159,R030,9827,Croissant
T2088,C00897,R012,8787,Muffin
T2088,C00897,R012,9550,Scone
T2089,C00247,R017,7796,Mocha
T2089,C00247,R017,7817,Americano
T2089,C00247,R017,7678,Muffin
T2090,C00232,R003,5636,Cappuccino
T2090,C00232,R003,5300,Muffin
T2090,C00232,R003,5842,Espresso
T2091,C00226,R014,5877,Americano
T2091,C00226,R014,4173,Sandwich
T2092,C00559,R007,6459,Scone
T2092,C00559,R007,4537,Espresso
T2093,C00195,R009,6408,Croissant
T2093,C00195,R009,8491,Sandwich
T2094,C00602,R017,8299,Sandwich
T2094,C00602,R017,5563,Espresso
T2095,C00332,R025,11208,Croissant
T2095,C00332,R025,3326,Americano
T2096,C00795,R024,4816,Mocha
T2096,C00795,R024,10178,Croissant
T2096,C00795,R024,11725,Americano
T2097,C00262,R017,4132,Sandwich
T2097,C00262,R017,3071,Scone
T2098,C00075,R001,10218,Scone
T2098,C00075,R001,9412,Bagel
T2098,C00075,R001,9810,Cappuccino
T2099,C00056,R009,6522,Latte
T2099,C00056,R009,9510,Scone
T2100,C00424,R002,7980,Bagel
T2100,C00424,R002,11673,Mocha
T2100,C00424,R002,6290,Cappuccino
T2101,C00535,R012,10454,Bagel
T2101,C00535,R012,4853,Latte
T2102,C00377,R010,9708,Cappuccino
T2102,C00377,R010,9369,Bagel
T2103,C00164,R029,9452,Mocha
T2103,C00164,R029,5726,Espresso
T2104,C00232,R004,7483,Bagel
T2104,C00232,R004,5551,Espresso
T2104,C00232,R004,6468,Americano
T2105,C00353,R009,4865,Cappuccino
T2105,C00353,R009,11079,Croissant
T2105,C00353,R009,6994,Scone
T2106,C00607,R020,9979,Sandwich
T2106,C00607,R020,5995,Mocha
T2106,C00607,R020,3764,Bagel
T2107,C00285,R003,10223,Latte
T2107,C00285,R003,7837,Cappuccino
T2107,C00285,R003,5786,Mocha
T2108,C00679,R009,5801,Latte
T2108,C00679,R009,10387,Americano
T2109,C00572,R014,9563,Espresso
T2109,C00572,R014,9825,Cappuccino
T2110,C00758,R008,6991,Cappuccino
T2110,C00758,R008,11413,Latte
T2110,C00758,R008,8613,Mocha
T2111,C00959,R025,8834,Americano
T2111,C00959,R025,5709,Bagel
T2111,C00959,R025,8337,Latte
T2112,C00647,R011,7014,Sandwich
T2112,C00647,R011,8720,Bagel
T2113,C00332,R002,3896,Bagel
T2113,C00332,R002,10332,Americano
T2113,C00332,R002,4376,Muffin
T2114,C00712,R017,3401,Muffin
T2114,C00712,R017,9552,Bagel
T2115,C00066,R026,3923,Mocha
T2115,C00066,R026,7257,Scone
T2115,C00066,R026,6554,Sandwich
T2116,C00898,R002,9732,Scone
T2116,C00898,R002,7981,Sandwich
T2116,C00898,R002,7078,Croissant
T2117,C00677,R025,6639,Espresso
T2117,C00677,R025,11899,Mocha
T2117,C00677,R025,10659,Americano
T2118,C00620,R014,11301,Americano
T2118,C00620,R014,6811,Scone
T2119,C00728,R001,7525,Bagel
T2119,C00728,R001,5001,Mocha
T2119,C00728,R001,9111,Latte
T2120,C00071,R026,11723,Espresso
T2120,C00071,R026,3623,Cappuccino
T2121,C00762,R030,4271,Bagel
T2121,C00762,R030,7753,Espresso
T2121,C00762,R030,8314,Mocha
T2122,C00450,R002,9423,Croissant
T2122,C00450,R002,8846,Sandwich
T2122,C00450,R002,4273,Mocha
T2123,C00427,R030,5791,Americano
T2123,C00427,R030,3013,Mocha
T2124,C00316,R003,3739,Espresso
T2124,C00316,R003,6729,Bagel
T2125,C00417,R018,9416,Muffin
T2125,C00417,R018,10478,Sandwich
T2126,C00248,R019,4199,Sandwich
T2126,C00248,R019,11128,Scone
T2127,C00965,R015,3045,Bagel
T2127,C00965,R015,3823,Croissant
T2127,C00965,R015,4872,Mocha
T2128,C00825,R013,8474,Bagel
T2128,C00825,R013,4960,Cappuccino
T2128,C00825,R013,3639,Scone
T2129,C00264,R027,6240,Croissant
T2129,C00264,R027,4862,Bagel
T2129,C00264,R027,3100,Latte
T2130,C00790,R005,11508,Muffin
T2130,C00790,R005,7548,Bagel
T2130,C00790,R005,8131,Cappuccino
T2131,C00125,R020,6656,Sandwich
T2131,C00125,R020,7070,Americano
T2131,C00125,R020,10027,Muffin
T2132,C00713,R025,5270,Mocha
T2132,C00713,R025,9473,Espresso
T2132,C00713,R025,6052,Scone
T2133,C00994,R028,10442,Espresso
T2133,C00994,R028,8209,Bagel
T2134,C00290,R027,4970,Croissant
T2134,C00290,R027,7076,Mocha
T2134,C00290,R027,4296,Bagel
T2135,C00595,R005,9302,Bagel
T2135,C00595,R005,3416,Croissant
T2135,C00595,R005,4218,Americano
T2136,C00130,R007,9252,Mocha
T2136,C00130,R007,9949,Sandwich
T2136,C00130,R007,11063,Espresso
T2137,C00410,R006,5623,Scone
T2137,C00410,R006,7825,Americano
T2137,C00410,R006,6903,Croissant
T2138,C00587,R008,7415,Muffin
T2138,C00587,R008,6064,Bagel
T2139,C00060,R025,10772,Mocha
T2139,C00060,R025,5400,Americano
T2140,C00992,R023,3730,Croissant
T2140,C00992,R023,4188,Bagel
T2141,C00509,R011,3920,Sandwich
T2141,C00509,R011,8567,Bagel
T2141,C00509,R011,11815,Latte
T2142,C00941,R029,9372,Croissant
T2142,C00941,R029,9746,Scone
T2143,C00289,R027,8298,Bagel
T2143,C00289,R027,5589,Muffin
T2144,C00560,R017,3864,Croissant
T2144,C00560,R017,4532,Latte
T2145,C00771,R001,5343,Cappuccino
T2145,C00771,R001,11507,Espresso
T2146,C00516,R024,9413,Cappuccino
T2146,C00516,R024,6668,Espresso
T2147,C00549,R028,6841,Mocha
T2147,C00549,R028,8703,Americano
T2148,C00017,R020,5383,Americano
T2148,C00017,R020,6250,Cappuccino
T2148,C00017,R020,5619,Espresso
T2149,C00204,R029,8930,Croissant
T2149,C00204,R029,4483,Sandwich
T2150,C00438,R019,11183,Scone
T2150,C00438,R019,10590,Mocha
T2151,C00655,R029,9277,Scone
T2151,C00655,R029,10915,Muffin
T2152,C00865,R017,7938,Mocha
T2152,C00865,R017,11848,Muffin
T2152,C00865,R017,11143,Cappuccino
T2153,C00591,R016,10145,Croissant
T2153,C00591,R016,8981,Scone
T2154,C00626,R013,6705,Scone
T2154,C00626,R013,8396,Muffin
T2155,C00760,R016,4247,Croissant
T2155,C00760,R016,8670,Espresso
T2155,C00760,R016,11452,Latte
T2156,C00629,R027,10676,Muffin
T2156,C00629,R027,8196,Espresso
T2156,C00629,R027,8499,Bagel
T2157,C00727,R030,4701,Cappuccino
T2157,C00727,R030,5384,Sandwich
T2157,C00727,R030,6163,Americano
T2158,C00531,R011,5331,Muffin
T2158,C00531,R011,10824,Bagel
T2158,C00531,R011,9266,Cappuccino
T2159,C00410,R030,7937,Sandwich
T2159,C00410,R030,11220,Americano
T2159,C00410,R030,4073,Latte
T2160,C00167,R009,7155,Espresso
T2160,C00167,R009,4772,Latte
T2160,C00167,R009,9461,Scone
T2161,C00081,R004,10100,Muffin
T2161,C00081,R004,9831,Americano
T2161,C00081,R004,5735,Latte
T2162,C00683,R022,5613,Mocha
T2162,C00683,R022,3252,Muffin
T2163,C00601,R021,7675,Sandwich
T2163,C00601,R021,7278,Muffin
T2163,C00601,R021,10112,Bagel
T2164,C00044,R003,11558,Cappuccino
T2164,C00044,R003,7545,Scone
T2165,C00009,R011,11667,Espresso
T2165,C00009,R011,3846,Croissant
T2166,C00213,R004,9800,Scone
T2166,C00213,R004,10157,Americano
T2167,C00195,R026,4780,Muffin
T2167,C00195,R026,6708,Scone
T2167,C00195,R026,4356,Latte
T2168,C00790,R008,6555,Mocha
T2168,C00790,R008,9358,Americano
T2168,C00790,R008,11997,Cappuccino
T2169,C00228,R015,11351,Croissant
T2169,C00228,R015,11481,Muffin
T2169,C00228,R015,6725,Mocha
T2170,C00286,R009,5890,Sandwich
T2170,C00286,R009,6687,Mocha
T2171,C00755,R005,4874,Scone
T2171,C00755,R005,3100,Cappuccino
T2172,C00646,R008,5356,Cappuccino
T2172,C00646,R008,4547,Espresso
T2172,C00646,R008,11549,Bagel
T2173,C00280,R008,3477,Sandwich
T2173,C00280,R008,4972,Cappuccino
T2173,C00280,R008,5820,Espresso
T2174,C00487,R018,7337,Scone
T2174,C00487,R018,3702,Croissant
T2174,C00487,R018,6454,Espresso
T2175,C00651,R012,10865,Cappuccino
T2175,C00651,R012,7547,Latte
T2176,C00078,R030,6661,Americano
T2176,C00078,R030,5019,Sandwich
T2176,C00078,R030,4521,Espresso
T2177,C00741,R014,8162,Mocha
T2177,C00741,R014,6595,Scone
T2178,C00882,R011,9766,Scone
T2178,C00882,R011,3704,Espresso
T2179,C00728,R016,7672,Cappuccino
T2179,C00728,R016,9159,Croissant
T2180,C00952,R028,9296,Muffin
T2180,C00952,R028,11729,Sandwich
T2181,C00191,R004,4274,Mocha
T2181,C00191,R004,8581,Latte
T2181,C00191,R004,4994,Croissant
T2182,C00930,R013,5070,Croissant
T2182,C00930,R013,7704,Mocha
T2183,C00084,R015,4573,Muffin
T2183,C00084,R015,7966,Bagel
T2183,C00084,R015,10549,Americano
T2184,C00178,R022,3307,Scone
T2184,C00178,R022,3022,Latte
T2184,C00178,R022,10272,Cappuccino
T2185,C00172,R004,11628,Scone
T2185,C00172,R004,4785,Bagel
T2186,C00337,R008,9224,Mocha
T2186,C00337,R008,9103,Muffin
T2186,C00337,R008,9567,Espresso
T2187,C00617,R027,11098,Croissant
T2187,C00617,R027,3813,Scone
T2188,C00400,R030,3017,Croissant
T2188,C00400,R030,6446,Espresso
T2188,C00400,R030,5235,Cappuccino
T2189,C00823,R029,11994,Scone
T2189,C00823,R029,11668,Croissant
T2189,C00823,R029,9280,Latte
T2190,C00085,R023,8747,Latte
T2190,C00085,R023,5918,Americano
T2190,C00085,R023,3387,Espresso
T2191,C00753,R012,11507,Americano
T2191,C00753,R012,5137,Cappuccino
T2192,C00601,R013,9456,Americano
T2192,C00601,R013,10151,Espresso
T2193,C00231,R004,7166,Bagel
T2193,C00231,R004,7134,Scone
T2194,C00583,R026,7600,Cappuccino
T2194,C00583,R026,11832,Mocha
T2194,C00583,R026,10800,Americano
T2195,C00702,R006,8935,Scone
T2195,C00702,R006,7802,Sandwich
T2195,C00702,R006,4366,Cappuccino
T2196,C00868,R024,8508,Sandwich
T2196,C00868,R024,3195,Cappuccino
T2196,C00868,R024,4571,Latte
T2197,C00562,R021,11543,Americano
T2197,C00562,R021,4297,Croissant
T2198,C00587,R029,5292,Croissant
T2198,C00587,R029,8782,Muffin
T2199,C00328,R008,6544,Latte
T2199,C00328,R008,6174,Mocha
T2199,C00328,R008,6364,Bagel
T2200,C00615,R030,5311,Muffin
T2200,C00615,R030,7711,Bagel
T2201,C00954,R001,8423,Muffin
T2201,C00954,R001,5024,Mocha
T2202,C00230,R019,8184,Espresso
T2202,C00230,R019,7858,Bagel
T2203,C00238,R025,10891,Latte
T2203,C00238,R025,9070,Espresso
T2203,C00238,R025,9753,Cappuccino
T2204,C00228,R015,11053,Muffin
T2204,C00228,R015,11980,Bagel
T2204,C00228,R015,6221,Croissant
T2205,C00586,R020,7402,Mocha
T2205,C00586,R020,6885,Croissant
T2206,C00202,R022,11917,Cappuccino
T2206,C00202,R022,10653,Espresso
T2206,C00202,R022,7099,Latte
T2207,C00596,R020,11412,Latte
T2207,C00596,R020,8115,Croissant
T2208,C00266,R011,9463,Latte
T2208,C00266,R011,9983,Bagel
T2208,C00266,R011,9268,Espresso
T2209,C00106,R010,7236,Latte
T2209,C00106,R010,6062,Bagel
T2209,C00106,R010,6120,Americano
T2210,C00067,R023,11336,Scone
T2210,C00067,R023,6052,Mocha
T2211,C00392,R012,7862,Croissant
T2211,C00392,R012,11289,Muffin
T2211,C00392,R012,10551,Latte
T2212,C00320,R012,4960,Bagel
T2212,C00320,R012,3924,Sandwich
T2212,C00320,R012,4928,Scone
T2213,C00163,R016,9218,Americano
T2213,C00163,R016,5725,Bagel
T2213,C00163,R016,8666,Mocha
T2214,C00505,R023,9455,Scone
T2214,C00505,R023,5693,Cappuccino
T2214,C00505,R023,10741,Muffin
T2215,C00698,R010,7287,Bagel
T2215,C00698,R010,8198,Americano
T2216,C00942,R029,6570,Espresso
T2216,C00942,R029,6951,Sandwich
T2217,C00775,R021,4649,Sandwich
T2217,C00775,R021,7622,Bagel
T2218,C00539,R012,8185,Bagel
T2218,C00539,R012,10215,Latte
T2219,C00427,R028,7660,Sandwich
T2219,C00427,R028,8449,Croissant
T2220,C00942,R008,7887,Bagel
T2220,C00942,R008,7756,Scone
T2220,C00942,R008,3371,Sandwich
T2221,C00864,R027,7101,Espresso
T2221,C00864,R027,5158,Scone
T2222,C00676,R008,9268,Espresso
T2222,C00676,R008,3110,Mocha
T2223,C00597,R003,5404,Cappuccino
T2223,C00597,R003,8416,Croissant
T2223,C00597,R003,10176,Bagel
T2224,C00168,R027,3773,Espresso
T2224,C00168,R027,10435,Cappuccino
T2224,C00168,R027,3837,Mocha
T2225,C00417,R021,10766,Mocha
T2225,C00417,R021,6042,Espresso
T2225,C00417,R021,7978,Bagel
T2226,C00629,R010,4790,Mocha
T2226,C00629,R010,7550,Sandwich
T2226,C00629,R010,5795,Muffin
T2227,C00383,R016,5992,Americano
T2227,C00383,R016,5810,Mocha
T2227,C00383,R016,9246,Croissant
T2228,C00137,R024,3071,Cappuccino
T2228,C00137,R024,5002,Croissant
T2229,C00082,R011,4638,Muffin
T2229,C00082,R011,7020,Mocha
T2229,C00082,R011,4179,Latte
T2230,C00250,R027,3466,Scone
T2230,C00250,R027,4192,Croissant
T2231,C00591,R007,5783,Scone
T2231,C00591,R007,7647,Espresso
T2231,C00591,R007,7158,Latte
T2232,C00997,R008,10287,Scone
T2232,C00997,R008,8389,Muffin
T2232,C00997,R008,5608,Cappuccino
T2233,C00918,R029,3345,Muffin
T2233,C00918,R029,6811,Sandwich
T2234,C00277,R025,8002,Espresso
T2234,C00277,R025,6384,Mocha
T2234,C00277,R025,9534,Latte
T2235,C00735,R026,4461,Sandwich
T2235,C00735,R026,4441,Espresso
T2235,C00735,R026,7676,Latte
T2236,C00689,R025,8082,Cappuccino
T2236,C00689,R025,8129,Muffin
T2236,C00689,R025,5027,Sandwich
T2237,C00665,R024,5643,Scone
T2237,C00665,R024,9500,Cappuccino
T2238,C00845,R023,7574,Sandwich
T2238,C00845,R023,9623,Americano
T2238,C00845,R023,11378,Bagel
T2239,C00938,R010,6125,Scone
T2239,C00938,R010,10195,Latte
T2240,C00811,R030,4310,Cappuccino
T2240,C00811,R030,10216,Scone
T2240,C00811,R030,4006,Americano
T2241,C00029,R026,3598,Scone
T2241,C00029,R026,9855,Mocha
T2242,C00349,R020,4148,Espresso
T2242,C00349,R020,9789,Latte
T2242,C00349,R020,4350,Sandwich
T2243,C00209,R021,9148,Scone
T2243,C00209,R021,10504,Americano
T2243,C00209,R021,6797,Latte
T2244,C00494,R022,10592,Espresso
T2244,C00494,R022,11614,Muffin
T2245,C00902,R005,8397,Americano
T2245,C00902,R005,4815,Croissant
T2245,C00902,R005,8792,Mocha
T2246,C00772,R016,11957,Sandwich
T2246,C00772,R016,10556,Muffin
T2246,C00772,R016,9422,Latte
T2247,C00708,R002,8059,Scone
T2247,C00708,R002,4610,Croissant
T2248,C00448,R026,5573,Bagel
T2248,C00448,R026,3881,Mocha
T2248,C00448,R026,11700,Scone
T2249,C00609,R015,3692,Muffin
T2249,C00609,R015,8380,Americano
T2250,C00753,R020,4297,Americano
T2250,C00753,R020,5759,Sandwich
T2251,C00228,R013,6786,Bagel
T2251,C00228,R013,6497,Sandwich
T2252,C00355,R023,11145,Sandwich
T2252,C00355,R023,9839,Cappuccino
T2252,C00355,R023,9115,Croissant
T2253,C00094,R005,5379,Espresso
T2253,C00094,R005,6864,Croissant
T2254,C00225,R011,9673,Muffin
T2254,C00225,R011,7781,Croissant
T2255,C00067,R007,9263,Latte
T2255,C00067,R007,10853,Mocha
T2255,C00067,R007,11634,Espresso
T2256,C00430,R025,8737,Scone
T2256,C00430,R025,5715,Croissant
T2256,C00430,R025,8166,Espresso
T2257,C00205,R004,9061,Americano
T2257,C00205,R004,3460,Espresso
T2258,C00798,R013,5966,Muffin
T2258,C00798,R013,6414,Mocha
T2259,C00346,R022,11333,Cappuccino
T2259,C00346,R022,8440,Mocha
T2260,C00869,R029,7605,Bagel
T2260,C00869,R029,11281,Scone
T2261,C00660,R004,10557,Cappuccino
T2261,C00660,R004,11484,Americano
T2261,C00660,R004,4357,Scone
T2262,C00654,R009,9846,Muffin
T2262,C00654,R009,9027,Croissant
T2263,C00352,R029,3304,Sandwich
T2263,C00352,R029,7698,Scone
T2264,C00836,R019,4953,Scone
T2264,C00836,R019,9865,Sandwich
T2264,C00836,R019,9379,Mocha
T2265,C00403,R017,6461,Cappuccino
T2265,C00403,R017,9985,Bagel
T2265,C00403,R017,9001,Croissant
T2266,C00455,R019,9227,Muffin
T2266,C00455,R019,11730,Americano
T2266,C00455,R019,11086,Cappuccino
T2267,C00946,R024,4884,Espresso
T2267,C00946,R024,3689,Muffin
T2267,C00946,R024,10601,Scone
T2268,C00717,R025,6937,Bagel
T2268,C00717,R025,11465,Sandwich
T2268,C00717,R025,8822,Cappuccino
T2269,C00921,R012,4934,Latte
T2269,C00921,R012,9733,Muffin
T2269,C00921,R012,4580,Bagel
T2270,C00743,R024,10218,Espresso
T2270,C00743,R024,8240,Croissant
T2270,C00743,R024,10477,Latte
T2271,C00427,R006,7757,Espresso
T2271,C00427,R006,3426,Americano
T2272,C00909,R010,3142,Mocha
T2272,C00909,R010,3746,Espresso
T2273,C00096,R005,9724,Cappuccino
T2273,C00096,R005,4300,Americano
T2273,C00096,R005,4295,Scone
T2274,C00868,R004,5509,Latte
T2274,C00868,R004,7620,Scone
T2274,C00868,R004,5176,Croissant
T2275,C00631,R005,8829,Sandwich
T2275,C00631,R005,9113,Croissant
T2275,C00631,R005,6840,Americano
T2276,C00301,R018,7503,Espresso
T2276,C00301,R018,4277,Muffin
T2276,C00301,R018,11657,Mocha
T2277,C00321,R016,9256,Americano
T2277,C00321,R016,6822,Espresso
T2278,C00181,R030,6561,Mocha
T2278,C00181,R030,10095,Croissant
T2278,C00181,R030,7774,Latte
T2279,C00166,R003,4231,Mocha
T2279,C00166,R003,11591,Sandwich
T2280,C00251,R020,6228,Muffin
T2280,C00251,R020,3253,Espresso
T2281,C00874,R002,11260,Scone
T2281,C00874,R002,10576,Cappuccino
T2281,C00874,R002,7609,Muffin
T2282,C00210,R010,5051,Sandwich
T2282,C00210,R010,10687,Muffin
T2282,C00210,R010,4754,Scone
T2283,C00364,R013,8022,Espresso
T2283,C00364,R013,9912,Sandwich
T2283,C00364,R013,9232,Croissant
T2284,C00555,R022,10849,Espresso
T2284,C00555,R022,7710,Sandwich
T2285,C00325,R019,5621,Cappuccino
T2285,C00325,R019,5269,Mocha
T2286,C00175,R028,3810,Espresso
T2286,C00175,R028,9771,Scone
T2287,C00800,R012,3881,Sandwich
T2287,C00800,R012,10671,Croissant
T2288,C00024,R011,4760,Croissant
T2288,C00024,R011,3380,Bagel
T2289,C00927,R030,10512,Cappuccino
T2289,C00927,R030,7923,Croissant
T2290,C00977,R012,6429,Muffin
T2290,C00977,R012,9556,Cappuccino
T2291,C00875,R017,4997,Sandwich
T2291,C00875,R017,10854,Croissant
T2292,C00025,R014,10071,Muffin
T2292,C00025,R014,7629,Scone
T2293,C00944,R015,11019,Americano
T2293,C00944,R015,4578,Mocha
T2294,C00600,R029,11377,Mocha
T2294,C00600,R029,7917,Latte
T2295,C00503,R008,5153,Americano
T2295,C00503,R008,11762,Scone
T2295,C00503,R008,3263,Mocha
T2296,C00930,R020,11126,Espresso
T2296,C00930,R020,6382,Cappuccino
T2297,C00431,R025,6730,Bagel
T2297,C00431,R025,11996,Muffin
T2298,C00301,R026,7925,Cappuccino
T2298,C00301,R026,3342,Espresso
T2298,C00301,R026,7119,Bagel
T2299,C00167,R008,6601,Latte
T2299,C00167,R008,8674,Bagel
T2299,C00167,R008,7846,Croissant
T2300,C00800,R029,6660,Latte
T2300,C00800,R029,6724,Scone
T2300,C00800,R029,4787,Croissant
T2301,C00562,R008,8759,Latte
T2301,C00562,R008,6637,Sandwich
T2301,C00562,R008,9494,Croissant
T2302,C00947,R006,11294,Mocha
T2302,C00947,R006,4255,Bagel
T2303,C00247,R003,4117,Scone
T2303,C00247,R003,6366,Muffin
T2304,C00612,R004,5594,Croissant
T2304,C00612,R004,9281,Latte
T2304,C00612,R004,9965,Bagel
T2305,C00564,R001,8688,Muffin
T2305,C00564,R001,4517,Latte
T2306,C00485,R009,4499,Cappuccino
T2306,C00485,R009,3983,Mocha
T2306,C00485,R009,7930,Espresso
T2307,C00815,R025,7579,Croissant
T2307,C00815,R025,9000,Latte
T2308,C00303,R012,4348,Scone
T2308,C00303,R012,8339,Croissant
T2309,C00255,R018,11913,Croissant
T2309,C00255,R018,4387,Espresso
T2309,C00255,R018,9917,Mocha
T2310,C00182,R014,8725,Scone
T2310,C00182,R014,11351,Croissant
T2311,C00678,R007,11642,Mocha
T2311,C00678,R007,10680,Cappuccino
T2312,C00947,R009,7439,Muffin
T2312,C00947,R009,9196,Croissant
T2313,C00240,R027,5674,Muffin
T2313,C00240,R027,7975,Espresso
T2313,C00240,R027,6942,Latte
T2314,C00311,R015,6551,Muffin
T2314,C00311,R015,10547,Scone
T2314,C00311,R015,3850,Cappuccino
T2315,C00638,R029,4301,Sandwich
T2315,C00638,R029,10450,Muffin
T2316,C00795,R019,7082,Bagel
T2316,C00795,R019,4774,Americano
T2317,C00393,R028,10054,Latte
T2317,C00393,R028,6071,Muffin
T2318,C00037,R022,11210,Americano
T2318,C00037,R022,6397,Cappuccino
T2318,C00037,R022,3792,Muffin
T2319,C00880,R014,10368,Latte
T2319,C00880,R014,11755,Sandwich
T2319,C00880,R014,6837,Mocha
T2320,C00530,R004,10377,Mocha
T2320,C00530,R004,3682,Bagel
T2321,C00566,R008,9865,Sandwich
T2321,C00566,R008,11100,Cappuccino
T2321,C00566,R008,11721,Espresso
T2322,C00626,R014,4492,Muffin
T2322,C00626,R014,5080,Americano
T2323,C00824,R001,8352,Mocha
T2323,C00824,R001,11241,Bagel
T2324,C00632,R010,6920,Muffin
T2324,C00632,R010,5357,Latte
T2324,C00632,R010,11127,Mocha
T2325,C00823,R026,10187,Espresso
T2325,C00823,R026,7727,Cappuccino
T2326,C00001,R029,11119,Croissant
T2326,C00001,R029,5305,Bagel
T2327,C00086,R030,3258,Sandwich
T2327,C00086,R030,11891,Cappuccino
T2327,C00086,R030,4414,Espresso
T2328,C00803,R021,7770,Mocha
T2328,C00803,R021,4772,Bagel
T2328,C00803,R021,3869,Espresso
T2329,C00403,R012,7489,Scone
T2329,C00403,R012,8018,Croissant
T2329,C00403,R012,6881,Muffin
T2330,C00158,R029,11272,Muffin
T2330,C00158,R029,7194,Americano
T2331,C00682,R005,6095,Scone
T2331,C00682,R005,5046,Muffin
T2331,C00682,R005,7196,Espresso
T2332,C00930,R022,4363,Croissant
T2332,C00930,R022,10071,Americano
T2333,C00352,R016,7379,Cappuccino
T2333,C00352,R016,3714,Muffin
T2334,C00080,R016,7552,Latte
T2334,C00080,R016,7997,Sandwich
T2335,C00081,R016,11393,Mocha
T2335,C00081,R016,3302,Croissant
T2336,C00840,R030,4010,Cappuccino
T2336,C00840,R030,7691,Croissant
T2336,C00840,R030,3571,Sandwich
T2337,C00308,R030,6324,Mocha
T2337,C00308,R030,10801,Cappuccino
T2338,C00337,R030,11835,Latte
T2338,C00337,R030,4600,Americano
T2338,C00337,R030,9077,Mocha
T2339,C00739,R011,8599,Americano
T2339,C00739,R011,7917,Scone
T2339,C00739,R011,4228,Cappuccino
T2340,C00487,R005,10407,Latte
T2340,C00487,R005,4357,Americano
T2341,C00947,R011,11274,Muffin
T2341,C00947,R011,5619,Latte
T2342,C00961,R020,6324,Scone
T2342,C00961,R020,8150,Bagel
T2343,C00055,R023,11501,Scone
T2343,C00055,R023,10104,Croissant
T2344,C00365,R027,11203,Bagel
T2344,C00365,R027,7487,Latte
T2344,C00365,R027,6314,Espresso
T2345,C00576,R014,8402,Mocha
T2345,C00576,R014,5708,Cappuccino
T2346,C00328,R005,6616,Latte
T2346,C00328,R005,4916,Scone
T2347,C00124,R008,10418,Espresso
T2347,C00124,R008,5360,Mocha
T2348,C00745,R017,6414,Sandwich
T2348,C00745,R017,11937,Muffin
T2348,C00745,R017,10861,Mocha
T2349,C00335,R017,8032,Espresso
T2349,C00335,R017,4054,Croissant
T2350,C00617,R010,8121,Espresso
T2350,C00617,R010,4876,Cappuccino
T2350,C00617,R010,4398,Americano
T2351,C00829,R024,10769,Espresso
T2351,C00829,R024,4197,Mocha
T2352,C00435,R015,11695,Scone
T2352,C00435,R015,7803,Mocha
T2352,C00435,R015,3473,Muffin
T2353,C00290,R018,3463,Latte
T2353,C00290,R018,3115,Cappuccino
T2353,C00290,R018,11076,Bagel
T2354,C00999,R020,11593,Cappuccino
T2354,C00999,R020,3988,Latte
T2354,C00999,R020,10664,Americano
T2355,C00390,R011,6452,Americano
T2355,C00390,R011,10840,Mocha
T2356,C00485,R009,9995,Muffin
T2356,C00485,R009,10406,Latte
T2356,C00485,R009,4432,Sandwich
T2357,C00018,R005,9311,Bagel
T2357,C00018,R005,6937,Cappuccino
T2358,C00622,R013,6275,Latte
T2358,C00622,R013,6197,Muffin
T2358,C00622,R013,3675,Scone
T2359,C00056,R002,7179,Americano
T2359,C00056,R002,10737,Muffin
T2360,C00090,R002,8010,Espresso
T2360,C00090,R002,4150,Bagel
T2360,C00090,R002,9721,Muffin
T2361,C00130,R010,3682,Scone
T2361,C00130,R010,7705,Cappuccino
T2362,C00449,R006,7624,Americano
T2362,C00449,R006,8863,Muffin
T2362,C00449,R006,4441,Latte
T2363,C00595,R003,11984,Bagel
T2363,C00595,R003,11622,Sandwich
T2364,C00514,R001,4996,Muffin
T2364,C00514,R001,3147,Sandwich
T2364,C00514,R001,6623,Mocha
T2365,C00076,R004,9033,Muffin
T2365,C00076,R004,8051,Croissant
T2365,C00076,R004,6635,Latte
T2366,C00620,R023,9806,Bagel
T2366,C00620,R023,5789,Latte
T2367,C00801,R011,5254,Espresso
T2367,C00801,R011,6830,Cappuccino
T2367,C00801,R011,7872,Croissant
T2368,C00159,R005,9744,Sandwich
T2368,C00159,R005,11064,Bagel
T2369,C00992,R007,5771,Espresso
T2369,C00992,R007,5517,Bagel
T2370,C00565,R003,7521,Sandwich
T2370,C00565,R003,7230,Croissant
T2370,C00565,R003,7385,Cappuccino
T2371,C00020,R018,5686,Sandwich
T2371,C00020,R018,7805,Muffin
T2371,C00020,R018,10411,Bagel
T2372,C00925,R023,3606,Croissant
T2372,C00925,R023,10823,Espresso
T2373,C00932,R020,7000,Espresso
T2373,C00932,R020,6806,Latte
T2373,C00932,R020,3430,Muffin
T2374,C00986,R002,3242,Scone
T2374,C00986,R002,8561,Muffin
T2374,C00986,R002,6165,Croissant
T2375,C00579,R026,8401,Scone
T2375,C00579,R026,8582,Americano
T2375,C00579,R026,9212,Bagel
T2376,C00764,R007,3229,Muffin
T2376,C00764,R007,10374,Scone
T2377,C00583,R028,8639,Scone
T2377,C00583,R028,11407,Cappuccino
T2377,C00583,R028,6458,Croissant
T2378,C00443,R023,11829,Cappuccino
T2378,C00443,R023,7172,Mocha
T2378,C00443,R023,7712,Americano
T2379,C00054,R013,5818,Espresso
T2379,C00054,R013,6677,Bagel
T2379,C00054,R013,5249,Scone
T2380,C00008,R022,8637,Bagel
T2380,C00008,R022,7626,Muffin
T2381,C00358,R008,3328,Muffin
T2381,C00358,R008,4330,Sandwich
T2381,C00358,R008,8041,Mocha
T2382,C00187,R023,10004,Muffin
T2382,C00187,R023,9138,Sandwich
T2383,C00199,R014,11765,Espresso
T2383,C00199,R014,6140,Croissant
T2384,C00683,R025,3385,Mocha
T2384,C00683,R025,10415,Bagel
T2385,C00966,R022,8058,Cappuccino
T2385,C00966,R022,8715,Scone
T2386,C00810,R002,4427,Scone
T2386,C00810,R002,5828,Muffin
T2386,C00810,R002,9803,Bagel
T2387,C00594,R022,11784,Sandwich
T2387,C00594,R022,6903,Muffin
T2388,C00487,R018,8612,Muffin
T2388,C00487,R018,6481,Scone
T2389,C00844,R024,11370,Cappuccino
T2389,C00844,R024,10992,Americano
T2389,C00844,R024,9280,Mocha
T2390,C00243,R026,5721,Bagel
T2390,C00243,R026,5624,Espresso
T2390,C00243,R026,11968,Croissant
T2391,C00808,R011,3114,Americano
T2391,C00808,R011,11421,Espresso
T2392,C00166,R003,6483,Muffin
T2392,C00166,R003,7333,Croissant
T2392,C00166,R003,4089,Latte
T2393,C00115,R011,11833,Americano
T2393,C00115,R011,11502,Croissant
T2394,C00922,R001,4279,Muffin
T2394,C00922,R001,9063,Sandwich
T2395,C00252,R027,11586,Sandwich
T2395,C00252,R027,9333,Espresso
T2395,C00252,R027,8351,Croissant
T2396,C00032,R010,8729,Latte
T2396,C00032,R010,11103,Sandwich
T2396,C00032,R010,3890,Croissant
T2397,C00275,R028,7769,Muffin
T2397,C00275,R028,7652,Scone
T2398,C00743,R001,3737,Espresso
T2398,C00743,R001,6490,Croissant
T2398,C00743,R001,3593,Cappuccino
T2399,C00936,R028,6412,Bagel
T2399,C00936,R028,9113,Espresso
T2399,C00936,R028,10973,Croissant
T2400,C00832,R004,8296,Sandwich
T2400,C00832,R004,7214,Bagel
T2400,C00832,R004,11981,Americano
T2401,C00807,R027,6284,Espresso
T2401,C00807,R027,11566,Mocha
T2402,C00079,R019,5578,Muffin
T2402,C00079,R019,7746,Cappuccino
T2402,C00079,R019,3201,Croissant
T2403,C00848,R017,5468,Bagel
T2403,C00848,R017,5242,Sandwich
T2403,C00848,R017,5290,Muffin
T2404,C00053,R014,4274,Latte
T2404,C00053,R014,10941,Americano
T2405,C00197,R016,4874,Latte
T2405,C00197,R016,7560,Sandwich
T2405,C00197,R016,11373,Espresso
T2406,C00015,R012,9828,Espresso
T2406,C00015,R012,4856,Bagel
T2407,C00104,R003,3335,Sandwich
T2407,C00104,R003,6212,Espresso
T2408,C00971,R001,4336,Croissant
T2408,C00971,R001,5891,Espresso
T2408,C00971,R001,6646,Bagel
T2409,C00755,R027,8159,Bagel
T2409,C00755,R027,3639,Croissant
T2410,C00677,R019,11744,Mocha
T2410,C00677,R019,9617,Scone
T2411,C00778,R029,4231,Mocha
T2411,C00778,R029,8379,Scone
T2412,C00741,R010,8233,Latte
T2412,C00741,R010,6311,Muffin
T2412,C00741,R010,9386,Cappuccino
T2413,C00777,R019,8723,Sandwich
T2413,C00777,R019,11323,Croissant
T2414,C00523,R030,8100,Mocha
T2414,C00523,R030,8030,Cappuccino
T2414,C00523,R030,3426,Latte
T2415,C00432,R021,8952,Croissant
T2415,C00432,R021,5252,Americano
T2416,C00211,R007,4763,Latte
T2416,C00211,R007,7875,Croissant
T2417,C00974,R013,11392,Espresso
T2417,C00974,R013,9232,Americano
T2417,C00974,R013,3886,Muffin
T2418,C00092,R015,11377,Espresso
T2418,C00092,R015,4142,Cappuccino
T2419,C00517,R004,5217,Cappuccino
T2419,C00517,R004,5701,Bagel
T2419,C00517,R004,9053,Scone
T2420,C00657,R029,3980,Sandwich
T2420,C00657,R029,5586,Muffin
T2420,C00657,R029,8280,Latte
T2421,C00564,R010,10095,Bagel
T2421,C00564,R010,6522,Sandwich
T2421,C00564,R010,6306,Espresso
T2422,C00815,R005,9291,Muffin
T2422,C00815,R005,6631,Croissant
T2423,C00342,R015,9804,Bagel
T2423,C00342,R015,4309,Latte
T2423,C00342,R015,11467,Muffin
T2424,C00030,R021,5664,Latte
T2424,C00030,R021,9523,Mocha
T2424,C00030,R021,4390,Espresso
T2425,C00044,R006,6867,Espresso
T2425,C00044,R006,11239,Muffin
T2426,C00662,R029,8102,Americano
T2426,C00662,R029,3222,Muffin
T2426,C00662,R029,5943,Espresso
T2427,C00913,R003,6915,Espresso
T2427,C00913,R003,8630,Mocha
T2428,C00597,R001,4860,Croissant
T2428,C00597,R001,4615,Muffin
T2429,C00688,R008,7556,Scone
T2429,C00688,R008,4437,Bagel
T2429,C00688,R008,6389,Muffin
T2430,C00907,R029,3269,Croissant
T2430,C00907,R029,4456,Mocha
T2430,C00907,R029,9827,Espresso
T2431,C00731,R003,6924,Latte
T2431,C00731,R003,5200,Croissant
T2432,C00677,R012,6539,Scone
T2432,C00677,R012,10943,Cappuccino
T2432,C00677,R012,11052,Croissant
T2433,C00830,R004,5615,Espresso
T2433,C00830,R004,10002,Cappuccino
T2434,C00224,R004,9291,Muffin
T2434,C00224,R004,9024,Cappuccino
T2435,C00497,R014,8734,Cappuccino
T2435,C00497,R014,10420,Mocha
T2435,C00497,R014,8809,Muffin
T2436,C00805,R028,3924,Croissant
T2436,C00805,R028,7422,Scone
T2437,C00592,R015,6638,Latte
T2437,C00592,R015,5919,Scone
T2437,C00592,R015,11059,Muffin
T2438,C00684,R005,9714,Sandwich
T2438,C00684,R005,5866,Scone
T2439,C00708,R006,8801,Bagel
T2439,C00708,R006,7991,Scone
T2439,C00708,R006,8043,Espresso
T2440,C00243,R026,3048,Sandwich
T2440,C00243,R026,9009,Latte
T2441,C00114,R027,6763,Cappuccino
T2441,C00114,R027,7904,Croissant
T2442,C00509,R002,10656,Muffin
T2442,C00509,R002,5437,Croissant
T2442,C00509,R002,6494,Espresso
T2443,C00419,R003,3011,Bagel
T2443,C00419,R003,9232,Croissant
T2444,C00546,R026,8381,Americano
T2444,C00546,R026,7450,Bagel
T2445,C00059,R005,6527,Espresso
T2445,C00059,R005,3832,Americano
T2446,C00302,R015,9206,Bagel
T2446,C00302,R015,10700,Americano
T2447,C00255,R002,11620,Latte
T2447,C00255,R002,9781,Muffin
T2447,C00255,R002,7672,Bagel
T2448,C00502,R019,4114,Bagel
T2448,C00502,R019,6289,Cappuccino
T2448,C00502,R019,5536,Mocha
T2449,C00878,R016,9212,Cappuccino
T2449,C00878,R016,11562,Sandwich
T2450,C00843,R022,3387,Latte
T2450,C00843,R022,10539,Cappuccino
T2450,C00843,R022,8595,Mocha
T2451,C00964,R029,3348,Croissant
T2451,C00964,R029,8596,Mocha
T2452,C00663,R011,8326,Mocha
T2452,C00663,R011,4498,Cappuccino
T2453,C00300,R014,7460,Bagel
T2453,C00300,R014,5965,Sandwich
T2453,C00300,R014,7423,Cappuccino
T2454,C00569,R012,10564,Bagel
T2454,C00569,R012,11718,Mocha
T2454,C00569,R012,6686,Muffin
T2455,C00780,R017,9249,Mocha
T2455,C00780,R017,5775,Bagel
T2456,C00678,R025,3828,Sandwich
T2456,C00678,R025,4640,Bagel
T2457,C00321,R007,11550,Latte
T2457,C00321,R007,9565,Muffin
T2458,C00906,R016,4135,Sandwich
T2458,C00906,R016,3769,Americano
T2458,C00906,R016,6569,Muffin
T2459,C00428,R001,10606,Cappuccino
T2459,C00428,R001,11144,Bagel
T2460,C00243,R010,4719,Muffin
T2460,C00243,R010,3384,Latte
T2461,C00380,R001,11749,Muffin
T2461,C00380,R001,7722,Scone
T2462,C00339,R028,8743,Sandwich
T2462,C00339,R028,11514,Latte
T2462,C00339,R028,3735,Bagel
T2463,C00975,R006,8690,Scone
T2463,C00975,R006,11564,Cappuccino
T2464,C00969,R026,6710,Americano
T2464,C00969,R026,5498,Espresso
T2465,C00083,R021,7308,Americano
T2465,C00083,R021,6478,Croissant
T2465,C00083,R021,9952,Latte
T2466,C00883,R001,6993,Espresso
T2466,C00883,R001,3369,Scone
T2467,C00084,R022,8903,Americano
T2467,C00084,R022,9893,Latte
T2467,C00084,R022,5648,Muffin
T2468,C00882,R001,5566,Muffin
T2468,C00882,R001,11784,Mocha
T2469,C00451,R030,5755,Americano
T2469,C00451,R030,5809,Cappuccino
T2469,C00451,R030,4537,Muffin
T2470,C00287,R014,11661,Americano
T2470,C00287,R014,11349,Sandwich
T2470,C00287,R014,11977,Muffin
T2471,C00503,R017,11720,Latte
T2471,C00503,R017,5842,Mocha
T2471,C00503,R017,9072,Cappuccino
T2472,C00229,R004,7529,Cappuccino
T2472,C00229,R004,11946,Mocha
T2472,C00229,R004,5503,Espresso
T2473,C00836,R010,11643,Croissant
T2473,C00836,R010,5409,Sandwich
T2473,C00836,R010,9680,Mocha
T2474,C00454,R006,3200,Bagel
T2474,C00454,R006,4849,Mocha
T2475,C00215,R027,8939,Espresso
T2475,C00215,R027,9794,Latte
T2476,C00636,R020,6655,Croissant
T2476,C00636,R020,7013,Latte
T2476,C00636,R020,9125,Espresso
T2477,C00671,R026,3762,Mocha
T2477,C00671,R026,6313,Espresso
T2478,C00875,R016,5485,Latte
T2478,C00875,R016,5484,Mocha
T2478,C00875,R016,9069,Croissant
T2479,C00328,R022,8929,Muffin
T2479,C00328,R022,11761,Espresso
T2479,C00328,R022,11598,Sandwich
T2480,C00429,R003,6019,Espresso
T2480,C00429,R003,10938,Mocha
T2480,C00429,R003,3456,Latte
T2481,C00531,R026,7845,Croissant
T2481,C00531,R026,6050,Espresso
T2481,C00531,R026,4137,Latte
T2482,C00003,R020,8439,Scone
T2482,C00003,R020,3263,Mocha
T2483,C00042,R018,11924,Scone
T2483,C00042,R018,7104,Americano
T2483,C00042,R018,8754,Sandwich
T2484,C00376,R024,5607,Americano
T2484,C00376,R024,4258,Muffin
T2484,C00376,R024,3046,Espresso
T2485,C00313,R006,3282,Americano
T2485,C00313,R006,10183,Bagel
T2485,C00313,R006,10967,Sandwich
T2486,C00490,R007,6084,Sandwich
T2486,C00490,R007,7952,Bagel
T2487,C00836,R028,10600,Scone
T2487,C00836,R028,8777,Croissant
T2488,C00988,R018,9578,Cappuccino
T2488,C00988,R018,3799,Espresso
T2488,C00988,R018,10918,Muffin
T2489,C00863,R028,6401,Mocha
T2489,C00863,R028,8618,Scone
T2490,C00664,R027,7033,Latte
T2490,C00664,R027,6130,Mocha
T2491,C00841,R016,10936,Cappuccino
T2491,C00841,R016,6655,Latte
T2492,C00827,R025,4978,Croissant
T2492,C00827,R025,7325,Espresso
T2492,C00827,R025,6250,Muffin
T2493,C00573,R008,5687,Croissant
T2493,C00573,R008,11595,Espresso
T2493,C00573,R008,6488,Sandwich
T2494,C00724,R002,4954,Espresso
T2494,C00724,R002,9155,Sandwich
T2495,C00098,R023,4781,Bagel
T2495,C00098,R023,6775,Scone
T2495,C00098,R023,7977,Croissant
T2496,C00192,R008,5494,Muffin
T2496,C00192,R008,4310,Scone
T2497,C00063,R016,5278,Bagel
T2497,C00063,R016,5327,Espresso
T2497,C00063,R016,8472,Sandwich
T2498,C00369,R030,8086,Americano
T2498,C00369,R030,7923,Latte
T2499,C00235,R026,6240,Croissant
T2499,C00235,R026,7922,Sandwich
T2499,C00235,R026,5803,Cappuccino
T2500,C00184,R006,8024,Croissant
T2500,C00184,R006,6840,Bagel
T2500,C00184,R006,9515,Latte
T2501,C00076,R010,5075,Bagel
T2501,C00076,R010,9976,Americano
T2502,C00053,R028,5015,Muffin
T2502,C00053,R028,7889,Bagel
T2503,C00123,R010,4767,Croissant
T2503,C00123,R010,3951,Cappuccino
T2503,C00123,R010,3975,Espresso
T2504,C00710,R003,4292,Latte
T2504,C00710,R003,8225,Americano
T2504,C00710,R003,5101,Mocha
T2505,C00399,R012,6468,Latte
T2505,C00399,R012,7939,Espresso
T2506,C00785,R027,11132,Croissant
T2506,C00785,R027,6395,Cappuccino
T2507,C00451,R002,3393,Latte
T2507,C00451,R002,9841,Bagel
T2508,C00745,R027,3840,Croissant
T2508,C00745,R027,6388,Mocha
T2509,C00162,R011,4855,Scone
T2509,C00162,R011,5324,Muffin
T2509,C00162,R011,6342,Croissant
T2510,C00395,R008,7881,Sandwich
T2510,C00395,R008,11842,Espresso
T2511,C00247,R004,4580,Bagel
T2511,C00247,R004,9812,Latte
T2511,C00247,R004,7249,Espresso
T2512,C00221,R022,6370,Espresso
T2512,C00221,R022,6654,Muffin
T2512,C00221,R022,11937,Scone
T2513,C00933,R013,9050,Muffin
T2513,C00933,R013,3314,Croissant
T2514,C00285,R004,6233,Espresso
T2514,C00285,R004,6975,Sandwich
T2514,C00285,R004,6719,Croissant
T2515,C00087,R019,10357,Cappuccino
T2515,C00087,R019,4163,Bagel
T2516,C00711,R005,10698,Scone
T2516,C00711,R005,5170,Mocha
T2517,C00902,R006,3265,Muffin
T2517,C00902,R006,7770,Latte
T2518,C00606,R025,9252,Sandwich
T2518,C00606,R025,8721,Americano
T2518,C00606,R025,4074,Mocha
T2519,C00923,R027,5408,Mocha
T2519,C00923,R027,6367,Muffin
T2519,C00923,R027,5460,Cappuccino
T2520,C00805,R017,5211,Sandwich
T2520,C00805,R017,6906,Americano
T2520,C00805,R017,6451,Scone
T2521,C00135,R029,7980,Latte
T2521,C00135,R029,11487,Scone
T2522,C00434,R015,9629,Sandwich
T2522,C00434,R015,3612,Latte
T2523,C00410,R028,5300,Scone
T2523,C00410,R028,10703,Croissant
T2524,C00846,R001,4735,Scone
T2524,C00846,R001,8170,Americano
T2525,C00996,R017,11552,Croissant
T2525,C00996,R017,7096,Espresso
T2525,C00996,R017,7235,Cappuccino
T2526,C00761,R019,7115,Bagel
T2526,C00761,R019,11732,Croissant
T2526,C00761,R019,11703,Espresso
T2527,C00689,R001,6455,Croissant
T2527,C00689,R001,7673,Cappuccino
T2528,C00447,R014,11547,Mocha
T2528,C00447,R014,6675,Croissant
T2528,C00447,R014,8967,Scone
T2529,C00921,R013,10559,Mocha
T2529,C00921,R013,7856,Bagel
T2530,C00415,R016,7982,Cappuccino
T2530,C00415,R016,4532,Mocha
T2531,C00304,R014,9719,Bagel
T2531,C00304,R014,6074,Muffin
T2532,C00453,R003,9517,Latte
T2532,C00453,R003,5403,Bagel
T2533,C00008,R030,3875,Cappuccino
T2533,C00008,R030,8499,Sandwich
T2533,C00008,R030,9593,Croissant
T2534,C00794,R008,5944,Mocha
T2534,C00794,R008,3453,Croissant
T2534,C00794,R008,4200,Sandwich
T2535,C00811,R009,7196,Espresso
T2535,C00811,R009,6287,Croissant
T2535,C00811,R009,5631,Mocha
T2536,C00512,R002,7960,Latte
T2536,C00512,R002,10576,Croissant
T2536,C00512,R002,11624,Cappuccino
T2537,C00853,R001,5350,Americano
T2537,C00853,R001,8114,Mocha
T2538,C00844,R020,10734,Latte
T2538,C00844,R020,4379,Muffin
T2539,C00762,R008,9724,Latte
T2539,C00762,R008,4040,Bagel
T2539,C00762,R008,5672,Cappuccino
T2540,C00259,R008,8532,Muffin
T2540,C00259,R008,4148,Croissant
T2540,C00259,R008,7777,Mocha
T2541,C00591,R027,7015,Sandwich
T2541,C00591,R027,8862,Mocha
T2541,C00591,R027,11449,Latte
T2542,C00936,R015,11985,Americano
T2542,C00936,R015,7131,Scone
T2542,C00936,R015,3278,Muffin
T2543,C00261,R016,5810,Sandwich
T2543,C00261,R016,7120,Mocha
T2543,C00261,R016,8270,Bagel
T2544,C00808,R014,5470,Sandwich
T2544,C00808,R014,3499,Scone
T2545,C00263,R030,8905,Bagel
T2545,C00263,R030,7414,Muffin
T2546,C00422,R008,11277,Mocha
T2546,C00422,R008,10993,Muffin
T2547,C00711,R013,3477,Scone
T2547,C00711,R013,11184,Latte
T2547,C00711,R013,10975,Bagel
T2548,C00285,R007,6109,Mocha
T2548,C00285,R007,9703,Espresso
T2549,C00489,R026,6411,Sandwich
T2549,C00489,R026,5683,Mocha
T2550,C00799,R018,5682,Americano
T2550,C00799,R018,4141,Latte
T2551,C00253,R008,9424,Mocha
T2551,C00253,R008,7016,Bagel
T2552,C00725,R007,7756,Cappuccino
T2552,C00725,R007,7803,Muffin
T2553,C00689,R027,4154,Latte
T2553,C00689,R027,10298,Croissant
T2553,C00689,R027,5987,Espresso
T2554,C00036,R006,5527,Mocha
T2554,C00036,R006,5265,Sandwich
T2554,C00036,R006,8196,Americano
T2555,C00171,R004,9874,Muffin
T2555,C00171,R004,3908,Sandwich
T2555,C00171,R004,7372,Croissant
T2556,C00977,R007,11816,Latte
T2556,C00977,R007,9237,Muffin
T2556,C00977,R007,3645,Americano
T2557,C00669,R002,3522,Espresso
T2557,C00669,R002,7366,Americano
T2557,C00669,R002,4591,Cappuccino
T2558,C00954,R003,10743,Americano
T2558,C00954,R003,10380,Bagel
T2558,C00954,R003,3645,Sandwich
T2559,C00536,R018,10780,Bagel
T2559,C00536,R018,5666,Espresso
T2560,C00589,R008,9719,Espresso
T2560,C00589,R008,3243,Mocha
T2560,C00589,R008,11732,Croissant
T2561,C00292,R003,11762,Mocha
T2561,C00292,R003,3499,Sandwich
T2562,C00256,R027,8506,Cappuccino
T2562,C00256,R027,10381,Latte
T2562,C00256,R027,4312,Americano
T2563,C00739,R002,9479,Croissant
T2563,C00739,R002,8023,Espresso
T2563,C00739,R002,8159,Cappuccino
T2564,C00586,R001,11046,Croissant
T2564,C00586,R001,4949,Bagel
T2564,C00586,R001,3642,Muffin
T2565,C00638,R020,10566,Muffin
T2565,C00638,R020,11765,Espresso
T2565,C00638,R020,7682,Americano
T2566,C00800,R027,9413,Bagel
T2566,C00800,R027,5151,Mocha
T2567,C00112,R027,8987,Sandwich
T2567,C00112,R027,8943,Cappuccino
T2567,C00112,R027,8265,Latte
T2568,C00052,R007,11758,Espresso
T2568,C00052,R007,11525,Mocha
T2569,C00473,R010,7940,Mocha
T2569,C00473,R010,8242,Croissant
T2570,C00633,R006,6397,Espresso
T2570,C00633,R006,3651,Sandwich
T2571,C00122,R022,7986,Latte
T2571,C00122,R022,5903,Croissant
T2572,C00717,R019,8697,Bagel
T2572,C00717,R019,6131,Cappuccino
T2573,C00332,R012,5812,Mocha
T2573,C00332,R012,3300,Espresso
T2574,C00931,R014,9291,Cappuccino
T2574,C00931,R014,9533,Mocha
T2575,C00308,R009,11396,Bagel
T2575,C00308,R009,5340,Sandwich
T2576,C00637,R001,6908,Scone
T2576,C00637,R001,9045,Bagel
T2577,C00151,R004,9635,Latte
T2577,C00151,R004,9212,Cappuccino
T2577,C00151,R004,7900,Bagel
T2578,C00232,R005,8138,Cappuccino
T2578,C00232,R005,8272,Latte
T2579,C00219,R028,5550,Espresso
T2579,C00219,R028,8783,Americano
T2580,C00907,R021,8109,Sandwich
T2580,C00907,R021,9668,Mocha
T2581,C00729,R023,3345,Americano
T2581,C00729,R023,4618,Croissant
T2582,C00912,R029,11479,Muffin
T2582,C00912,R029,5525,Croissant
T2583,C00667,R005,3217,Latte
T2583,C00667,R005,7708,Croissant
T2583,C00667,R005,3724,Cappuccino
T2584,C00625,R010,9499,Muffin
T2584,C00625,R010,8038,Scone
T2585,C00438,R015,4589,Muffin
T2585,C00438,R015,11127,Croissant
T2586,C00295,R016,10801,Muffin
T2586,C00295,R016,5483,Bagel
T2586,C00295,R016,3071,Cappuccino
T2587,C00337,R020,4069,Muffin
T2587,C00337,R020,4448,Sandwich
T2588,C00817,R023,11792,Bagel
T2588,C00817,R023,10812,Mocha
T2589,C00228,R015,3751,Espresso
T2589,C00228,R015,9082,Scone
T2590,C00631,R016,9311,Muffin
T2590,C00631,R016,11681,Cappuccino
T2590,C00631,R016,5858,Croissant
T2591,C00260,R002,9709,Muffin
T2591,C00260,R002,5691,Sandwich
T2592,C00120,R019,4902,Cappuccino
T2592,C00120,R019,3004,Sandwich
T2593,C00594,R010,6653,Latte
T2593,C00594,R010,5040,Americano
T2594,C00985,R017,10050,Bagel
T2594,C00985,R017,11132,Muffin
T2594,C00985,R017,3758,Americano
T2595,C00349,R026,6794,Cappuccino
T2595,C00349,R026,4711,Americano
T2595,C00349,R026,10296,Muffin
T2596,C00336,R030,4936,Scone
T2596,C00336,R030,8837,Sandwich
T2597,C00324,R012,5250,Muffin
T2597,C00324,R012,5518,Mocha
T2598,C00585,R022,10401,Bagel
T2598,C00585,R022,6212,Mocha
T2598,C00585,R022,6000,Muffin
T2599,C00740,R001,9265,Croissant
T2599,C00740,R001,7402,Sandwich
T2600,C00717,R023,11998,Cappuccino
T2600,C00717,R023,3012,Latte
T2600,C00717,R023,7214,Sandwich
T2601,C00293,R005,10401,Mocha
T2601,C00293,R005,8074,Bagel
T2601,C00293,R005,3507,Croissant
T2602,C00901,R024,4410,Mocha
T2602,C00901,R024,9178,Muffin
T2603,C00028,R009,10860,Latte
T2603,C00028,R009,8290,Mocha
T2603,C00028,R009,9481,Scone
T2604,C00296,R002,5610,Mocha
T2604,C00296,R002,8566,Scone
T2605,C00752,R010,7835,Mocha
T2605,C00752,R010,7617,Latte
T2605,C00752,R010,10259,Muffin
T2606,C00226,R023,4731,Sandwich
T2606,C00226,R023,10232,Mocha
T2607,C00167,R010,4832,Americano
T2607,C00167,R010,3572,Espresso
T2608,C00417,R029,8169,Latte
T2608,C00417,R029,8256,Americano
T2609,C00808,R029,9189,Scone
T2609,C00808,R029,7135,Espresso
T2610,C00731,R017,8201,Latte
T2610,C00731,R017,11794,Mocha
T2610,C00731,R017,5810,Americano
T2611,C00367,R022,5036,Latte
T2611,C00367,R022,3255,Bagel
T2611,C00367,R022,3910,Croissant
T2612,C00591,R024,4797,Scone
T2612,C00591,R024,11014,Muffin
T2613,C00289,R009,11633,Scone
T2613,C00289,R009,4459,Americano
T2613,C00289,R009,5006,Muffin
T2614,C00376,R005,11493,Sandwich
T2614,C00376,R005,4766,Espresso
T2615,C00093,R007,7089,Muffin
T2615,C00093,R007,7429,Espresso
T2615,C00093,R007,9746,Cappuccino
T2616,C00203,R026,6512,Espresso
T2616,C00203,R026,4252,Muffin
T2617,C00741,R006,7913,Latte
T2617,C00741,R006,3933,Mocha
T2617,C00741,R006,5306,Scone
T2618,C00998,R017,9984,Muffin
T2618,C00998,R017,3375,Bagel
T2619,C00646,R017,11493,Mocha
T2619,C00646,R017,7710,Latte
T2619,C00646,R017,6486,Americano
T2620,C00051,R017,9171,Espresso
T2620,C00051,R017,6693,Bagel
T2620,C00051,R017,5421,Cappuccino
T2621,C00917,R001,9071,Sandwich
T2621,C00917,R001,3165,Mocha
T2621,C00917,R001,8809,Muffin
T2622,C00994,R011,4490,Sandwich
T2622,C00994,R011,7877,Scone
T2622,C00994,R011,7115,Bagel
T2623,C00280,R018,4423,Americano
T2623,C00280,R018,9175,Mocha
T2623,C00280,R018,4450,Cappuccino
T2624,C00923,R021,6207,Bagel
T2624,C00923,R021,11707,Mocha
T2624,C00923,R021,11940,Sandwich
T2625,C00765,R027,11861,Croissant
T2625,C00765,R027,11555,Latte
T2626,C00972,R014,11898,Espresso
T2626,C00972,R014,3160,Sandwich
T2627,C00465,R002,11582,Cappuccino
T2627,C00465,R002,9377,Croissant
T2628,C00807,R024,11243,Muffin
T2628,C00807,R024,4773,Croissant
T2629,C00425,R018,11640,Croissant
T2629,C00425,R018,9322,Cappuccino
T2629,C00425,R018,4604,Latte
T2630,C00390,R009,7192,Cappuccino
T2630,C00390,R009,3172,Espresso
T2630,C00390,R009,7687,Bagel
T2631,C00608,R006,4863,Croissant
T2631,C00608,R006,7413,Muffin
T2632,C00886,R016,11103,Muffin
T2632,C00886,R016,6641,Espresso
T2633,C00107,R001,7187,Scone
T2633,C00107,R001,11436,Muffin
T2634,C00744,R019,10470,Espresso
T2634,C00744,R019,3607,Bagel
T2635,C00218,R012,3313,Bagel
T2635,C00218,R012,5480,Sandwich
T2635,C00218,R012,8924,Scone
T2636,C00048,R024,6328,Scone
T2636,C00048,R024,4995,Americano
T2637,C00486,R026,6226,Mocha
T2637,C00486,R026,11348,Muffin
T2638,C00845,R018,5824,Sandwich
T2638,C00845,R018,6966,Cappuccino
T2639,C00241,R020,6418,Latte
T2639,C00241,R020,9503,Muffin
T2639,C00241,R020,11993,Americano
T2640,C00124,R001,6968,Cappuccino
T2640,C00124,R001,7015,Latte
T2641,C00518,R003,11928,Espresso
T2641,C00518,R003,6891,Croissant
T2641,C00518,R003,5123,Sandwich
T2642,C00792,R013,3443,Mocha
T2642,C00792,R013,9399,Espresso
T2643,C00178,R012,11006,Sandwich
T2643,C00178,R012,6336,Latte
T2643,C00178,R012,10727,Cappuccino
T2644,C00426,R023,7716,Latte
T2644,C00426,R023,6137,Espresso
T2644,C00426,R023,11631,Bagel
T2645,C00096,R019,8463,Bagel
T2645,C00096,R019,11709,Sandwich
T2645,C00096,R019,4686,Muffin
T2646,C00704,R011,10796,Cappuccino
T2646,C00704,R011,8846,Sandwich
T2646,C00704,R011,6752,Americano
T2647,C00700,R006,6960,Bagel
T2647,C00700,R006,10470,Scone
T2647,C00700,R006,3241,Espresso
T2648,C00879,R001,7459,Croissant
T2648,C00879,R001,10829,Bagel
T2648,C00879,R001,11891,Latte
T2649,C00681,R014,11605,Croissant
T2649,C00681,R014,5640,Muffin
T2650,C00570,R010,8570,Americano
T2650,C00570,R010,3963,Cappuccino
T2650,C00570,R010,5756,Latte
T2651,C00397,R021,8942,Bagel
T2651,C00397,R021,10791,Americano
T2652,C00945,R008,9751,Mocha
T2652,C00945,R008,3194,Espresso
T2653,C00239,R030,6245,Espresso
T2653,C00239,R030,6807,Mocha
T2653,C00239,R030,9581,Sandwich
T2654,C00858,R015,7122,Bagel
T2654,C00858,R015,3184,Espresso
T2654,C00858,R015,10473,Latte
T2655,C00277,R022,11248,Scone
T2655,C00277,R022,11553,Bagel
T2655,C00277,R022,6793,Latte
T2656,C00210,R010,4719,Scone
T2656,C00210,R010,6892,Bagel
T2657,C00101,R017,11307,Sandwich
T2657,C00101,R017,7441,Scone
T2658,C00323,R022,5794,Scone
T2658,C00323,R022,11363,Espresso
T2658,C00323,R022,4766,Sandwich
T2659,C00220,R014,3088,Cappuccino
T2659,C00220,R014,4585,Latte
T2660,C00249,R017,6270,Cappuccino
T2660,C00249,R017,5146,Croissant
T2661,C00299,R006,6473,Espresso
T2661,C00299,R006,3328,Mocha
T2662,C00266,R020,4545,Latte
T2662,C00266,R020,5870,Sandwich
T2662,C00266,R020,3744,Scone
T2663,C00554,R008,7095,Latte
T2663,C00554,R008,5620,Bagel
T2663,C00554,R008,6151,Muffin
T2664,C00149,R028,8332,Bagel
T2664,C00149,R028,6706,Croissant
T2665,C00056,R030,9773,Cappuccino
T2665,C00056,R030,10065,Mocha
T2665,C00056,R030,8590,Scone
T2666,C00364,R018,5400,Croissant
T2666,C00364,R018,10767,Cappuccino
T2667,C00637,R029,6131,Scone
T2667,C00637,R029,3077,Croissant
T2668,C00913,R009,3100,Espresso
T2668,C00913,R009,9867,Cappuccino
T2668,C00913,R009,7292,Muffin
T2669,C00690,R028,3582,Latte
T2669,C00690,R028,5695,Croissant
T2669,C00690,R028,9791,Espresso
T2670,C00924,R028,7465,Espresso
T2670,C00924,R028,8419,Americano
T2670,C00924,R028,6387,Muffin
T2671,C00388,R020,3302,Espresso
T2671,C00388,R020,8585,Latte
T2671,C00388,R020,3557,Sandwich
T2672,C00008,R010,5870,Cappuccino
T2672,C00008,R010,6780,Sandwich
T2672,C00008,R010,6086,Muffin
T2673,C00667,R025,7374,Americano
T2673,C00667,R025,9921,Muffin
T2673,C00667,R025,8295,Scone
T2674,C00393,R022,9448,Sandwich
T2674,C00393,R022,3560,Mocha
T2675,C00780,R017,5365,Cappuccino
T2675,C00780,R017,11246,Mocha
T2675,C00780,R017,9862,Americano
T2676,C00455,R007,6957,Cappuccino
T2676,C00455,R007,9671,Bagel
T2677,C00118,R028,9960,Croissant
T2677,C00118,R028,8547,Espresso
T2677,C00118,R028,8469,Cappuccino
T2678,C00785,R022,9994,Bagel
T2678,C00785,R022,3418,Croissant
T2679,C00797,R030,4563,Mocha
T2679,C00797,R030,7827,Sandwich
T2679,C00797,R030,5678,Muffin
T2680,C00053,R019,10101,Muffin
T2680,C00053,R019,6201,Americano
T2680,C00053,R019,8021,Cappuccino
T2681,C00771,R022,7871,Scone
T2681,C00771,R022,4177,Americano
T2682,C00363,R006,7562,Americano
T2682,C00363,R006,8335,Muffin
T2682,C00363,R006,7916,Bagel
T2683,C00057,R027,7837,Croissant
T2683,C00057,R027,11762,Espresso
T2683,C00057,R027,4209,Mocha
T2684,C00137,R021,4596,Muffin
T2684,C00137,R021,9092,Mocha
T2685,C00048,R013,7702,Cappuccino
T2685,C00048,R013,11154,Croissant
T2686,C00491,R025,5275,Sandwich
T2686,C00491,R025,8357,Cappuccino
T2687,C00927,R021,4596,Americano
T2687,C00927,R021,9293,Espresso
T2688,C00505,R005,3082,Muffin
T2688,C00505,R005,8718,Espresso
T2688,C00505,R005,4289,Americano
T2689,C00768,R001,6203,Croissant
T2689,C00768,R001,5462,Espresso
T2689,C00768,R001,4261,Sandwich
T2690,C00880,R013,5592,Latte
T2690,C00880,R013,7476,Bagel
T2691,C00627,R026,3816,Sandwich
T2691,C00627,R026,4831,Americano
T2691,C00627,R026,11058,Croissant
T2692,C00601,R024,9475,Croissant
T2692,C00601,R024,7285,Cappuccino
T2693,C00564,R018,9880,Cappuccino
T2693,C00564,R018,8938,Sandwich
T2694,C00978,R029,11145,Muffin
T2694,C00978,R029,7971,Espresso
T2695,C00024,R014,6691,Sandwich
T2695,C00024,R014,4098,Croissant
T2696,C00920,R030,4763,Espresso
T2696,C00920,R030,8431,Sandwich
T2696,C00920,R030,10101,Mocha
T2697,C00832,R027,9505,Croissant
T2697,C00832,R027,5088,Sandwich
T2697,C00832,R027,11234,Mocha
T2698,C00089,R028,3878,Muffin
T2698,C00089,R028,5228,Scone
T2699,C00924,R002,10419,Croissant
T2699,C00924,R002,3912,Espresso
T2700,C00137,R027,8566,Mocha
T2700,C00137,R027,3207,Americano
T2700,C00137,R027,3047,Latte
T2701,C00262,R018,11602,Muffin
T2701,C00262,R018,4449,Scone
T2702,C00696,R022,7929,Scone
T2702,C00696,R022,4137,Muffin
T2703,C00634,R003,9321,Mocha
T2703,C00634,R003,9968,Croissant
T2704,C00312,R004,6930,Latte
T2704,C00312,R004,6780,Espresso
T2705,C00926,R026,8126,Scone
T2705,C00926,R026,11230,Muffin
T2706,C00979,R012,11882,Espresso
T2706,C00979,R012,6868,Mocha
T2707,C00896,R011,5161,Bagel
T2707,C00896,R011,3463,Muffin
T2707,C00896,R011,10321,Sandwich
T2708,C00099,R005,9508,Espresso
T2708,C00099,R005,7974,Cappuccino
T2708,C00099,R005,4037,Bagel
T2709,C00970,R011,5871,Muffin
T2709,C00970,R011,5985,Croissant
T2709,C00970,R011,4037,Mocha
T2710,C00557,R005,9964,Latte
T2710,C00557,R005,6980,Croissant
T2711,C00949,R018,8088,Mocha
T2711,C00949,R018,4084,Bagel
T2712,C00693,R021,10329,Americano
T2712,C00693,R021,6522,Sandwich
T2713,C00306,R004,6889,Sandwich
T2713,C00306,R004,3204,Latte
T2713,C00306,R004,9200,Americano
T2714,C00978,R006,8002,Cappuccino
T2714,C00978,R006,5575,Mocha
T2714,C00978,R006,3032,Sandwich
T2715,C00750,R003,9874,Mocha
T2715,C00750,R003,8967,Latte
T2715,C00750,R003,11790,Cappuccino
T2716,C00592,R029,9488,Muffin
T2716,C00592,R029,8722,Croissant
T2716,C00592,R029,10181,Americano
T2717,C00776,R021,10878,Mocha
T2717,C00776,R021,10155,Sandwich
T2717,C00776,R021,7760,Croissant
T2718,C00208,R025,4321,Mocha
T2718,C00208,R025,10059,Espresso
T2718,C00208,R025,6478,Croissant
T2719,C00489,R021,7479,Americano
T2719,C00489,R021,6272,Sandwich
T2720,C00229,R002,7830,Bagel
T2720,C00229,R002,8441,Sandwich
T2720,C00229,R002,8502,Muffin
T2721,C00124,R016,7681,Muffin
T2721,C00124,R016,10671,Bagel
T2722,C00209,R021,5417,Espresso
T2722,C00209,R021,8456,Americano
T2722,C00209,R021,8642,Latte
T2723,C00072,R015,8568,Sandwich
T2723,C00072,R015,10513,Espresso
T2723,C00072,R015,11850,Cappuccino
T2724,C00375,R024,10321,Cappuccino
T2724,C00375,R024,4594,Scone
T2724,C00375,R024,3745,Espresso
T2725,C00890,R025,11427,Latte
T2725,C00890,R025,8357,Muffin
T2726,C00226,R003,8823,Scone
T2726,C00226,R003,8487,Muffin
T2726,C00226,R003,7223,Sandwich
T2727,C00044,R001,10102,Sandwich
T2727,C00044,R001,5188,Bagel
T2728,C00208,R001,8549,Muffin
T2728,C00208,R001,10078,Espresso
T2728,C00208,R001,6734,Cappuccino
T2729,C00316,R001,6087,Americano
T2729,C00316,R001,6610,Bagel
T2730,C00139,R016,5888,Croissant
T2730,C00139,R016,10138,Bagel
T2730,C00139,R016,5855,Sandwich
T2731,C00112,R020,3647,Cappuccino
T2731,C00112,R020,8839,Muffin
T2732,C00460,R024,5134,Croissant
T2732,C00460,R024,6999,Scone
T2732,C00460,R024,6341,Sandwich
T2733,C00615,R007,11386,Americano
T2733,C00615,R007,8722,Croissant
T2734,C00394,R026,5118,Latte
T2734,C00394,R026,4639,Scone
T2734,C00394,R026,10005,Espresso
T2735,C00487,R022,11734,Espresso
T2735,C00487,R022,8789,Croissant
T2735,C00487,R022,5216,Americano
T2736,C00669,R002,10429,Latte
T2736,C00669,R002,10219,Americano
T2736,C00669,R002,9715,Muffin
T2737,C00426,R012,5309,Sandwich
T2737,C00426,R012,10379,Latte
T2737,C00426,R012,6470,Americano
T2738,C00474,R012,7437,Cappuccino
T2738,C00474,R012,4739,Croissant
T2738,C00474,R012,5602,Mocha
T2739,C00797,R020,7839,Croissant
T2739,C00797,R020,8998,Bagel
T2740,C00857,R004,7677,Espresso
T2740,C00857,R004,6818,Muffin
T2741,C00914,R023,4055,Croissant
T2741,C00914,R023,11698,Scone
T2742,C00788,R011,7584,Muffin
T2742,C00788,R011,4828,Croissant
T2742,C00788,R011,9689,Americano
T2743,C00971,R021,7974,Espresso
T2743,C00971,R021,10886,Bagel
T2743,C00971,R021,9242,Scone
T2744,C00441,R026,8639,Sandwich
T2744,C00441,R026,6395,Croissant
T2745,C00580,R003,4867,Bagel
T2745,C00580,R003,10922,Sandwich
T2746,C00388,R024,4427,Muffin
T2746,C00388,R024,5328,Sandwich
T2746,C00388,R024,8412,Croissant
T2747,C00451,R004,4907,Cappuccino
T2747,C00451,R004,11301,Latte
T2748,C00266,R026,9494,Mocha
T2748,C00266,R026,9126,Scone
T2749,C00225,R021,6821,Americano
T2749,C00225,R021,8744,Scone
T2750,C00854,R019,10365,Espresso
T2750,C00854,R019,10071,Cappuccino
T2751,C00707,R017,4405,Sandwich
T2751,C00707,R017,7944,Croissant
T2752,C00731,R016,7428,Bagel
T2752,C00731,R016,3839,Scone
T2752,C00731,R016,9806,Sandwich
T2753,C00434,R029,9478,Espresso
T2753,C00434,R029,9152,Americano
T2754,C00336,R024,5381,Bagel
T2754,C00336,R024,3638,Scone
T2754,C00336,R024,8960,Cappuccino
T2755,C00234,R021,3615,Mocha
T2755,C00234,R021,7899,Croissant
T2755,C00234,R021,7186,Scone
T2756,C00091,R011,10957,Sandwich
T2756,C00091,R011,9572,Americano
T2756,C00091,R011,3586,Croissant
T2757,C00535,R020,7604,Americano
T2757,C00535,R020,11114,Bagel
T2758,C00468,R030,4222,Bagel
T2758,C00468,R030,9960,Muffin
T2758,C00468,R030,10627,Cappuccino
T2759,C00118,R013,10541,Bagel
T2759,C00118,R013,6879,Espresso
T2759,C00118,R013,3840,Cappuccino
T2760,C00563,R023,11174,Espresso
T2760,C00563,R023,6532,Muffin
T2760,C00563,R023,4409,Americano
T2761,C00282,R006,9291,Croissant
T2761,C00282,R006,10417,Espresso
T2762,C00515,R030,11516,Americano
T2762,C00515,R030,10388,Scone
T2762,C00515,R030,8616,Muffin
T2763,C00262,R011,11314,Americano
T2763,C00262,R011,8812,Mocha
T2763,C00262,R011,7431,Bagel
T2764,C00946,R028,11076,Espresso
T2764,C00946,R028,10715,Cappuccino
T2764,C00946,R028,9900,Bagel
T2765,C00305,R002,9903,Muffin
T2765,C00305,R002,7199,Latte
T2766,C00080,R027,11160,Sandwich
T2766,C00080,R027,11036,Cappuccino
T2767,C00731,R001,8042,Croissant
T2767,C00731,R001,9951,Muffin
T2768,C00404,R007,4339,Scone
T2768,C00404,R007,8301,Croissant
T2769,C00469,R022,8239,Croissant
T2769,C00469,R022,8844,Scone
T2769,C00469,R022,4577,Americano
T2770,C00574,R024,6302,Americano
T2770,C00574,R024,7763,Latte
T2770,C00574,R024,9110,Croissant
T2771,C00845,R006,3859,Cappuccino
T2771,C00845,R006,6470,Latte
T2771,C00845,R006,7885,Scone
T2772,C00460,R003,8497,Muffin
T2772,C00460,R003,10751,Croissant
T2773,C00023,R027,6200,Bagel
T2773,C00023,R027,5811,Americano
T2773,C00023,R027,4065,Scone
T2774,C00200,R008,5440,Bagel
T2774,C00200,R008,4584,Espresso
T2774,C00200,R008,3732,Cappuccino
T2775,C00997,R025,7935,Bagel
T2775,C00997,R025,8464,Sandwich
T2776,C00262,R019,3809,Latte
T2776,C00262,R019,5414,Espresso
T2777,C00593,R004,4440,Scone
T2777,C00593,R004,8978,Americano
T2777,C00593,R004,8028,Latte
T2778,C00685,R026,7442,Bagel
T2778,C00685,R026,5787,Croissant
T2778,C00685,R026,9638,Mocha
T2779,C00842,R021,11582,Americano
T2779,C00842,R021,7398,Bagel
T2780,C00371,R019,5593,Muffin
T2780,C00371,R019,6220,Latte
T2781,C00025,R021,10893,Americano
T2781,C00025,R021,5104,Bagel
T2781,C00025,R021,8377,Mocha
T2782,C00486,R025,10480,Latte
T2782,C00486,R025,4371,Scone
T2782,C00486,R025,8429,Sandwich
T2783,C00090,R002,11679,Latte
T2783,C00090,R002,8296,Bagel
T2784,C00026,R015,5807,Americano
T2784,C00026,R015,3309,Cappuccino
T2785,C00953,R003,9588,Scone
T2785,C00953,R003,3439,Muffin
T2786,C00046,R004,11983,Latte
T2786,C00046,R004,5384,Americano
T2786,C00046,R004,8788,Mocha
T2787,C00875,R012,8510,Sandwich
T2787,C00875,R012,7862,Espresso
T2788,C00451,R010,4925,Cappuccino
T2788,C00451,R010,6331,Americano
T2789,C00712,R025,9304,Espresso
T2789,C00712,R025,7952,Americano
T2789,C00712,R025,3659,Sandwich
T2790,C00124,R002,8037,Muffin
T2790,C00124,R002,3567,Espresso
T2790,C00124,R002,7087,Sandwich
T2791,C00257,R022,8649,Latte
T2791,C00257,R022,11492,Espresso
T2792,C00473,R027,7526,Muffin
T2792,C00473,R027,9415,Scone
T2793,C00451,R003,8683,Americano
T2793,C00451,R003,3066,Latte
T2793,C00451,R003,11111,Bagel
T2794,C00792,R019,9540,Scone
T2794,C00792,R019,5564,Espresso
T2795,C00281,R017,5014,Cappuccino
T2795,C00281,R017,11922,Espresso
T2796,C00766,R030,10849,Americano
T2796,C00766,R030,6079,Muffin
T2797,C00882,R004,4754,Mocha
T2797,C00882,R004,7517,Muffin
T2798,C00845,R026,4410,Croissant
T2798,C00845,R026,4243,Scone
T2798,C00845,R026,6787,Espresso
T2799,C00317,R024,6262,Muffin
T2799,C00317,R024,4932,Bagel
T2800,C00086,R026,9608,Espresso
T2800,C00086,R026,4517,Latte
T2801,C00910,R010,4481,Bagel
T2801,C00910,R010,3490,Cappuccino
T2801,C00910,R010,8237,Latte
T2802,C00299,R020,9758,Espresso
T2802,C00299,R020,6545,Croissant
T2803,C00411,R019,4116,Scone
T2803,C00411,R019,6556,Muffin
T2804,C00541,R001,11039,Latte
T2804,C00541,R001,9553,Bagel
T2805,C00684,R004,6663,Bagel
T2805,C00684,R004,8063,Espresso
T2806,C00030,R024,4632,Scone
T2806,C00030,R024,4163,Cappuccino
T2807,C00015,R027,4455,Muffin
T2807,C00015,R027,10880,Cappuccino
T2808,C00320,R030,5699,Mocha
T2808,C00320,R030,8470,Espresso
T2809,C00670,R013,4186,Mocha
T2809,C00670,R013,4197,Muffin
T2809,C00670,R013,10602,Bagel
T2810,C00402,R011,10358,Americano
T2810,C00402,R011,4451,Espresso
T2811,C00439,R005,10173,Croissant
T2811,C00439,R005,7661,Sandwich
T2812,C00704,R008,10850,Croissant
T2812,C00704,R008,10449,Bagel
T2813,C00174,R012,4149,Americano
T2813,C00174,R012,6776,Muffin
T2814,C00387,R007,5892,Latte
T2814,C00387,R007,8464,Cappuccino
T2814,C00387,R007,6728,Muffin
T2815,C00481,R008,6887,Espresso
T2815,C00481,R008,10041,Latte
T2816,C00205,R017,3943,Croissant
T2816,C00205,R017,3635,Sandwich
T2816,C00205,R017,9618,Espresso
T2817,C00467,R003,4470,Croissant
T2817,C00467,R003,6622,Cappuccino
T2818,C00131,R029,3531,Scone
T2818,C00131,R029,11423,Bagel
T2819,C00752,R003,9447,Scone
T2819,C00752,R003,8240,Croissant
T2819,C00752,R003,8713,Bagel
T2820,C00955,R012,11947,Bagel
T2820,C00955,R012,7936,Americano
T2820,C00955,R012,10736,Espresso
T2821,C00767,R010,8448,Espresso
T2821,C00767,R010,6456,Muffin
T2821,C00767,R010,10966,Croissant
T2822,C00257,R006,11745,Muffin
T2822,C00257,R006,5747,Espresso
T2822,C00257,R006,11153,Bagel
T2823,C00959,R013,10573,Espresso
T2823,C00959,R013,7359,Americano
T2823,C00959,R013,3321,Mocha
T2824,C00848,R017,8685,Muffin
T2824,C00848,R017,10838,Scone
T2825,C00757,R021,10542,Scone
T2825,C00757,R021,4711,Latte
T2825,C00757,R021,3986,Sandwich
T2826,C00027,R010,11254,Scone
T2826,C00027,R010,8944,Croissant
T2827,C00347,R002,9540,Americano
T2827,C00347,R002,10886,Cappuccino
T2827,C00347,R002,11377,Espresso
T2828,C00174,R019,11203,Muffin
T2828,C00174,R019,3189,Sandwich
T2829,C00544,R025,9990,Croissant
T2829,C00544,R025,8601,Sandwich
T2829,C00544,R025,10077,Bagel
T2830,C00204,R022,5737,Americano
T2830,C00204,R022,3713,Espresso
T2830,C00204,R022,7355,Bagel
T2831,C00221,R029,7782,Bagel
T2831,C00221,R029,7104,Scone
T2832,C00644,R017,6093,Americano
T2832,C00644,R017,9553,Espresso
T2832,C00644,R017,11177,Latte
T2833,C00867,R006,3299,Croissant
T2833,C00867,R006,9613,Mocha
T2834,C00969,R027,9599,Croissant
T2834,C00969,R027,4361,Latte
T2834,C00969,R027,7740,Muffin
T2835,C00384,R001,10315,Mocha
T2835,C00384,R001,3473,Muffin
T2835,C00384,R001,7510,Americano
T2836,C00407,R009,8648,Muffin
T2836,C00407,R009,7018,Latte
T2837,C00579,R015,8682,Croissant
T2837,C00579,R015,8541,Latte
T2838,C00999,R026,9891,Americano
T2838,C00999,R026,4426,Espresso
T2839,C00304,R026,10745,Americano
T2839,C00304,R026,10924,Bagel
T2839,C00304,R026,7756,Croissant
T2840,C00350,R022,8121,Mocha
T2840,C00350,R022,4244,Americano
T2840,C00350,R022,11172,Cappuccino
T2841,C00473,R028,5015,Cappuccino
T2841,C00473,R028,5225,Muffin
T2842,C00767,R012,6948,Latte
T2842,C00767,R012,11271,Bagel
T2843,C00233,R004,5640,Espresso
T2843,C00233,R004,5506,Muffin
T2844,C00934,R029,10092,Americano
T2844,C00934,R029,10150,Latte
T2844,C00934,R029,10532,Croissant
T2845,C00592,R019,6886,Cappuccino
T2845,C00592,R019,11595,Scone
T2845,C00592,R019,3658,Croissant
T2846,C00850,R029,6860,Muffin
T2846,C00850,R029,8300,Mocha
T2847,C00225,R029,3892,Americano
T2847,C00225,R029,10168,Espresso
T2848,C00644,R018,6384,Americano
T2848,C00644,R018,7857,Cappuccino
T2849,C00311,R009,5790,Sandwich
T2849,C00311,R009,9257,Scone
T2849,C00311,R009,4731,Cappuccino
T2850,C00445,R017,6529,Scone
T2850,C00445,R017,8477,Bagel
T2850,C00445,R017,11871,Espresso
T2851,C00334,R009,6134,Croissant
T2851,C00334,R009,3351,Americano
T2851,C00334,R009,7499,Scone
T2852,C00974,R028,7688,Croissant
T2852,C00974,R028,9502,Muffin
T2852,C00974,R028,6416,Latte
T2853,C00263,R009,11094,Mocha
T2853,C00263,R009,10777,Cappuccino
T2853,C00263,R009,6245,Latte
T2854,C00698,R016,8198,Muffin
T2854,C00698,R016,6208,Latte
T2855,C00966,R019,11748,Scone
T2855,C00966,R019,9852,Americano
T2856,C00254,R019,9695,Latte
T2856,C00254,R019,4274,Bagel
T2856,C00254,R019,7088,Mocha
T2857,C00580,R028,11193,Americano
T2857,C00580,R028,3760,Croissant
T2858,C00693,R021,4465,Espresso
T2858,C00693,R021,10068,Mocha
T2858,C00693,R021,10960,Americano
T2859,C00260,R021,4912,Sandwich
T2859,C00260,R021,10493,Espresso
T2859,C00260,R021,5369,Croissant
T2860,C00638,R021,7985,Espresso
T2860,C00638,R021,9186,Mocha
T2861,C00189,R007,3972,Scone
T2861,C00189,R007,3408,Bagel
T2862,C00815,R016,11675,Americano
T2862,C00815,R016,6082,Espresso
T2862,C00815,R016,3984,Scone
T2863,C00384,R017,11346,Croissant
T2863,C00384,R017,7153,Muffin
T2863,C00384,R017,4400,Cappuccino
T2864,C00131,R012,4452,Latte
T2864,C00131,R012,11829,Sandwich
T2865,C00772,R001,4990,Bagel
T2865,C00772,R001,6340,Muffin
T2865,C00772,R001,9535,Mocha
T2866,C00495,R002,7762,Bagel
T2866,C00495,R002,6651,Latte
T2867,C00107,R016,10278,Croissant
T2867,C00107,R016,7694,Latte
T2867,C00107,R016,10038,Sandwich
T2868,C00621,R028,7405,Croissant
T2868,C00621,R028,4764,Espresso
T2868,C00621,R028,6438,Sandwich
T2869,C00377,R019,10512,Bagel
T2869,C00377,R019,6889,Latte
T2870,C00756,R019,7054,Croissant
T2870,C00756,R019,9173,Muffin
T2871,C00382,R011,3468,Latte
T2871,C00382,R011,3222,Mocha
T2871,C00382,R011,6656,Cappuccino
T2872,C00846,R009,4685,Croissant
T2872,C00846,R009,9176,Espresso
T2872,C00846,R009,8397,Scone
T2873,C00840,R029,8090,Muffin
T2873,C00840,R029,7658,Latte
T2873,C00840,R029,7333,Croissant
T2874,C00813,R019,5761,Croissant
T2874,C00813,R019,9896,Espresso
T2874,C00813,R019,6299,Mocha
T2875,C00030,R027,10496,Muffin
T2875,C00030,R027,5256,Mocha
T2875,C00030,R027,9320,Sandwich
T2876,C00457,R016,5737,Muffin
T2876,C00457,R016,4290,Americano
T2876,C00457,R016,8754,Sandwich
T2877,C00355,R010,10894,Croissant
T2877,C00355,R010,7347,Mocha
T2877,C00355,R010,7365,Bagel
T2878,C00593,R006,5112,Cappuccino
T2878,C00593,R006,8437,Espresso
T2879,C00916,R004,5986,Sandwich
T2879,C00916,R004,11102,Latte
T2880,C00143,R017,3966,Cappuccino
T2880,C00143,R017,7508,Espresso
T2881,C00025,R017,5316,Espresso
T2881,C00025,R017,11249,Bagel
T2881,C00025,R017,4987,Muffin
T2882,C00642,R021,4522,Americano
T2882,C00642,R021,6590,Sandwich
T2882,C00642,R021,8804,Croissant
T2883,C00106,R027,4512,Croissant
T2883,C00106,R027,6383,Cappuccino
T2883,C00106,R027,3436,Americano
T2884,C00852,R027,10516,Mocha
T2884,C00852,R027,6004,Sandwich
T2885,C00933,R028,5054,Croissant
T2885,C00933,R028,7719,Sandwich
T2885,C00933,R028,4042,Cappuccino
T2886,C00080,R023,7623,Muffin
T2886,C00080,R023,6361,Americano
T2887,C00323,R002,5335,Cappuccino
T2887,C00323,R002,7657,Bagel
T2888,C00669,R028,3351,Americano
T2888,C00669,R028,7090,Latte
T2889,C00051,R028,5746,Cappuccino
T2889,C00051,R028,9717,Latte
T2889,C00051,R028,6659,Espresso
T2890,C00050,R018,8952,Americano
T2890,C00050,R018,5461,Sandwich
T2891,C00964,R022,3996,Sandwich
T2891,C00964,R022,6773,Scone
T2892,C00123,R004,6846,Americano
T2892,C00123,R004,5966,Sandwich
T2892,C00123,R004,8576,Latte
T2893,C00260,R017,3058,Scone
T2893,C00260,R017,9456,Muffin
T2893,C00260,R017,9500,Bagel
T2894,C00866,R010,7233,Mocha
T2894,C00866,R010,7768,Americano
T2895,C00425,R023,9058,Muffin
T2895,C00425,R023,6035,Bagel
T2896,C00768,R001,10441,Muffin
T2896,C00768,R001,3702,Latte
T2897,C00294,R012,10051,Croissant
T2897,C00294,R012,3154,Cappuccino
T2897,C00294,R012,3972,Espresso
T2898,C00889,R013,8992,Cappuccino
T2898,C00889,R013,5503,Sandwich
T2899,C00557,R004,8214,Scone
T2899,C00557,R004,8196,Cappuccino
T2899,C00557,R004,9557,Bagel
T2900,C00143,R024,9761,Americano
T2900,C00143,R024,3996,Cappuccino
T2900,C00143,R024,8806,Scone
T2901,C00471,R005,4490,Sandwich
T2901,C00471,R005,3325,Croissant
T2902,C00060,R015,9141,Mocha
T2902,C00060,R015,8700,Croissant
T2902,C00060,R015,11218,Sandwich
T2903,C00016,R005,8685,Mocha
T2903,C00016,R005,3535,Latte
T2904,C00897,R016,11328,Americano
T2904,C00897,R016,7034,Sandwich
T2904,C00897,R016,5757,Mocha
T2905,C00887,R024,3175,Latte
T2905,C00887,R024,11990,Espresso
T2906,C00191,R017,6252,Cappuccino
T2906,C00191,R017,10823,Sandwich
T2907,C00067,R018,3316,Cappuccino
T2907,C00067,R018,10584,Americano
T2908,C00276,R013,3307,Espresso
T2908,C00276,R013,11151,Mocha
T2908,C00276,R013,8099,Scone
T2909,C00873,R013,5200,Americano
T2909,C00873,R013,7334,Scone
T2910,C00499,R020,5371,Sandwich
T2910,C00499,R020,6021,Cappuccino
T2911,C00784,R030,7535,Sandwich
T2911,C00784,R030,9257,Croissant
T2912,C00843,R001,5775,Muffin
T2912,C00843,R001,3340,Scone
T2912,C00843,R001,4640,Bagel
T2913,C00071,R012,4308,Espresso
T2913,C00071,R012,10613,Scone
T2914,C00320,R017,11772,Espresso
T2914,C00320,R017,8232,Cappuccino
T2914,C00320,R017,4683,Mocha
T2915,C00344,R011,3124,Americano
T2915,C00344,R011,5659,Croissant
T2916,C00977,R013,4667,Bagel
T2916,C00977,R013,5101,Cappuccino
T2917,C00847,R019,7044,Muffin
T2917,C00847,R019,8281,Cappuccino
T2918,C00805,R007,9845,Sandwich
T2918,C00805,R007,6971,Espresso
T2918,C00805,R007,3513,Americano
T2919,C00589,R006,6518,Croissant
T2919,C00589,R006,9209,Muffin
T2919,C00589,R006,7806,Mocha
T2920,C00054,R020,7449,Sandwich
T2920,C00054,R020,7801,Bagel
T2920,C00054,R020,8303,Americano
T2921,C00857,R017,11279,Americano
T2921,C00857,R017,6929,Espresso
T2921,C00857,R017,8607,Muffin
T2922,C00734,R024,6049,Muffin
T2922,C00734,R024,6628,Bagel
T2922,C00734,R024,8700,Croissant
T2923,C00627,R010,5852,Scone
T2923,C00627,R010,10756,Sandwich
T2924,C00006,R023,7908,Muffin
T2924,C00006,R023,6522,Mocha
T2924,C00006,R023,10621,Americano
T2925,C00329,R003,8188,Latte
T2925,C00329,R003,9179,Espresso
T2926,C00484,R025,3968,Bagel
T2926,C00484,R025,11011,Croissant
T2927,C00861,R019,8359,Cappuccino
T2927,C00861,R019,3756,Bagel
T2927,C00861,R019,9749,Espresso
T2928,C00927,R006,10067,Cappuccino
T2928,C00927,R006,7873,Croissant
T2929,C00544,R027,10749,Muffin
T2929,C00544,R027,4379,Latte
T2930,C00777,R021,6196,Americano
T2930,C00777,R021,5668,Latte
T2931,C00747,R024,10302,Scone
T2931,C00747,R024,5047,Muffin
T2932,C00026,R006,3175,Mocha
T2932,C00026,R006,4043,Latte
T2933,C00901,R028,3893,Muffin
T2933,C00901,R028,7104,Sandwich
T2934,C00995,R023,11536,Cappuccino
T2934,C00995,R023,8506,Americano
T2934,C00995,R023,6602,Bagel
T2935,C00093,R016,10848,Sandwich
T2935,C00093,R016,10148,Croissant
T2936,C00817,R008,4636,Muffin
T2936,C00817,R008,6133,Espresso
T2937,C00641,R029,9691,Muffin
T2937,C00641,R029,6914,Scone
T2938,C00779,R028,8952,Scone
T2938,C00779,R028,4448,Mocha
T2938,C00779,R028,10157,Americano
T2939,C00440,R024,5577,Cappuccino
T2939,C00440,R024,10101,Mocha
T2939,C00440,R024,4759,Sandwich
T2940,C00618,R004,7773,Americano
T2940,C00618,R004,9646,Mocha
T2940,C00618,R004,10543,Croissant
T2941,C00724,R011,5566,Sandwich
T2941,C00724,R011,5570,Muffin
T2942,C00602,R023,6058,Bagel
T2942,C00602,R023,9506,Mocha
T2942,C00602,R023,11425,Cappuccino
T2943,C00592,R009,3971,Sandwich
T2943,C00592,R009,6086,Cappuccino
T2943,C00592,R009,5983,Croissant
T2944,C00596,R027,9425,Mocha
T2944,C00596,R027,8248,Muffin
T2944,C00596,R027,11740,Bagel
T2945,C00175,R015,7505,Sandwich
T2945,C00175,R015,10441,Muffin
T2945,C00175,R015,10317,Latte
T2946,C00695,R003,5794,Americano
T2946,C00695,R003,9902,Sandwich
T2946,C00695,R003,4023,Cappuccino
T2947,C00448,R010,6330,Americano
T2947,C00448,R010,9175,Croissant
T2948,C00950,R015,3346,Cappuccino
T2948,C00950,R015,5741,Muffin
T2948,C00950,R015,6719,Espresso
T2949,C00077,R014,11955,Muffin
T2949,C00077,R014,9337,Americano
T2950,C00160,R020,11482,Muffin
T2950,C00160,R020,6406,Espresso
T2950,C00160,R020,3994,Bagel
T2951,C00083,R026,6809,Latte
T2951,C00083,R026,9718,Sandwich
T2952,C00287,R021,6032,Mocha
T2952,C00287,R021,6205,Croissant
T2953,C00230,R024,7394,Muffin
T2953,C00230,R024,8796,Cappuccino
T2953,C00230,R024,9676,Espresso
T2954,C00280,R001,7339,Mocha
T2954,C00280,R001,3772,Cappuccino
T2954,C00280,R001,9334,Bagel
T2955,C00341,R005,7759,Croissant
T2955,C00341,R005,7676,Muffin
T2955,C00341,R005,4963,Sandwich
T2956,C00868,R022,3191,Bagel
T2956,C00868,R022,5156,Latte
T2956,C00868,R022,6061,Cappuccino
T2957,C00691,R008,10299,Espresso
T2957,C00691,R008,11124,Sandwich
T2958,C00133,R022,4801,Croissant
T2958,C00133,R022,4280,Bagel
T2959,C00023,R009,9581,Mocha
T2959,C00023,R009,5281,Scone
T2959,C00023,R009,10391,Espresso
T2960,C00562,R017,11055,Americano
T2960,C00562,R017,3470,Espresso
T2960,C00562,R017,7881,Croissant
T2961,C00423,R006,9252,Americano
T2961,C00423,R006,8110,Croissant
T2961,C00423,R006,4054,Scone
T2962,C00564,R029,4537,Espresso
T2962,C00564,R029,4409,Latte
T2962,C00564,R029,5742,Scone
T2963,C00687,R003,6476,Sandwich
T2963,C00687,R003,3472,Espresso
T2963,C00687,R003,8219,Scone
T2964,C00340,R021,4932,Scone
T2964,C00340,R021,3744,Muffin
T2965,C00676,R028,3232,Sandwich
T2965,C00676,R028,7136,Scone
T2966,C00115,R029,10727,Croissant
T2966,C00115,R029,9503,Cappuccino
T2967,C00808,R025,8449,Americano
T2967,C00808,R025,8615,Croissant
T2968,C00706,R012,11285,Scone
T2968,C00706,R012,10309,Cappuccino
T2969,C00872,R003,7636,Cappuccino
T2969,C00872,R003,8964,Espresso
T2969,C00872,R003,3460,Scone
T2970,C00851,R001,10072,Cappuccino
T2970,C00851,R001,7321,Bagel
T2970,C00851,R001,6185,Espresso
T2971,C00527,R003,5806,Sandwich
T2971,C00527,R003,4811,Bagel
T2972,C00029,R005,3052,Cappuccino
T2972,C00029,R005,4563,Mocha
T2973,C00016,R030,9663,Espresso
T2973,C00016,R030,10192,Sandwich
T2973,C00016,R030,6474,Muffin
T2974,C00643,R023,7911,Bagel
T2974,C00643,R023,11193,Muffin
T2974,C00643,R023,4978,Espresso
T2975,C00720,R016,3213,Scone
T2975,C00720,R016,10736,Mocha
T2975,C00720,R016,5858,Latte
T2976,C00806,R009,7654,Espresso
T2976,C00806,R009,9721,Mocha
T2977,C00910,R022,4149,Croissant
T2977,C00910,R022,4547,Americano
T2977,C00910,R022,3545,Latte
T2978,C00761,R003,9485,Latte
T2978,C00761,R003,11688,Bagel
T2979,C00356,R021,11154,Scone
T2979,C00356,R021,4726,Mocha
T2979,C00356,R021,4921,Cappuccino
T2980,C00261,R004,7697,Latte
T2980,C00261,R004,5747,Americano
T2981,C00831,R013,7894,Sandwich
T2981,C00831,R013,11319,Croissant
T2982,C00072,R029,9854,Cappuccino
T2982,C00072,R029,9862,Espresso
T2982,C00072,R029,5552,Latte
T2983,C00023,R012,8108,Muffin
T2983,C00023,R012,4398,Croissant
T2984,C00896,R028,5126,Croissant
T2984,C00896,R028,5179,Bagel
T2984,C00896,R028,11997,Latte
T2985,C00384,R023,11051,Bagel
T2985,C00384,R023,7180,Latte
T2986,C00636,R001,11921,Bagel
T2986,C00636,R001,3800,Muffin
T2987,C00609,R009,10647,Mocha
T2987,C00609,R009,10531,Americano
T2987,C00609,R009,8263,Espresso
T2988,C00675,R023,9626,Latte
T2988,C00675,R023,9168,Americano
T2988,C00675,R023,9368,Muffin
T2989,C00452,R009,8919,Mocha
T2989,C00452,R009,6828,Scone
T2990,C00222,R024,10629,Cappuccino
T2990,C00222,R024,11893,Scone
T2990,C00222,R024,11908,Bagel
T2991,C00344,R014,4840,Mocha
T2991,C00344,R014,10029,Sandwich
T2991,C00344,R014,10376,Cappuccino
T2992,C00273,R030,8269,Mocha
T2992,C00273,R030,9618,Bagel
T2993,C00817,R024,3871,Latte
T2993,C00817,R024,10296,Scone
T2993,C00817,R024,4520,Sandwich
T2994,C00775,R024,4896,Bagel
T2994,C00775,R024,7059,Muffin
T2994,C00775,R024,9958,Sandwich
T2995,C00189,R004,11530,Cappuccino
T2995,C00189,R004,7212,Bagel
T2995,C00189,R004,5245,Latte
T2996,C00668,R010,4622,Cappuccino
T2996,C00668,R010,9434,Latte
T2996,C00668,R010,5861,Espresso
T2997,C00282,R021,8491,Sandwich
T2997,C00282,R021,4524,Scone
T2997,C00282,R021,8832,Bagel
T2998,C00139,R002,6138,Scone
T2998,C00139,R002,10837,Mocha
T2998,C00139,R002,9702,Croissant
T2999,C00801,R025,8122,Muffin
T2999,C00801,R025,7722,Croissant
T3000,C00436,R030,7337,Latte
T3000,C00436,R030,5426,Mocha
T3000,C00436,R030,7695,Americano
T3001,C00319,R020,5000,Americano
T3001,C00319,R020,7000,Scone
T3002,C00847,R020,5000,Americano
T3002,C00847,R020,7000,Scone
T3003,C00177,R020,5000,Americano
T3003,C00177,R020,7000,Scone
T3004,C00730,R020,5000,Americano
T3004,C00730,R020,7000,Scone
T3005,C00100,R020,5000,Americano
T3005,C00100,R020,7000,Scone
T3006,C00916,R020,5000,Americano
T3006,C00916,R020,7000,Scone
T3007,C00937,R020,5000,Americano
T3007,C00937,R020,7000,Scone
T3008,C00202,R020,5000,Americano
T3008,C00202,R020,7000,Scone
T3009,C00297,R020,5000,Americano
T3009,C00297,R020,7000,Scone
T3010,C00297,R020,5000,Americano
T3010,C00297,R020,7000,Scone
T3011,C00405,R020,5000,Americano
T3011,C00405,R020,7000,Scone
T3012,C00659,R020,5000,Americano
T3012,C00659,R020,7000,Scone
T3013,C00332,R020,5000,Americano
T3013,C00332,R020,7000,Scone
T3014,C00505,R020,5000,Americano
T3014,C00505,R020,7000,Scone
T3015,C00540,R020,5000,Americano
T3015,C00540,R020,7000,Scone
T3016,C00632,R020,5000,Americano
T3016,C00632,R020,7000,Scone
T3017,C00892,R020,5000,Americano
T3017,C00892,R020,7000,Scone
T3018,C00740,R020,5000,Americano
T3018,C00740,R020,7000,Scone
T3019,C00769,R020,5000,Americano
T3019,C00769,R020,7000,Scone
T3020,C00593,R020,5000,Americano
T3020,C00593,R020,7000,Scone
T3021,C00917,R020,5000,Americano
T3021,C00917,R020,7000,Scone
T3022,C00156,R020,5000,Americano
T3022,C00156,R020,7000,Scone
T3023,C00497,R020,5000,Americano
T3023,C00497,R020,7000,Scone
T3024,C00092,R020,5000,Americano
T3024,C00092,R020,7000,Scone
T3025,C00744,R020,5000,Americano
T3025,C00744,R020,7000,Scone
T3026,C00658,R020,5000,Americano
T3026,C00658,R020,7000,Scone
T3027,C00633,R020,5000,Americano
T3027,C00633,R020,7000,Scone
T3028,C00853,R020,5000,Americano
T3028,C00853,R020,7000,Scone
T3029,C00910,R020,5000,Americano
T3029,C00910,R020,7000,Scone
T3030,C00519,R020,5000,Americano
T3030,C00519,R020,7000,Scone
T3031,C00965,R020,5000,Americano
T3031,C00965,R020,7000,Scone
T3032,C00042,R020,5000,Americano
T3032,C00042,R020,7000,Scone
T3033,C00466,R020,5000,Americano
T3033,C00466,R020,7000,Scone
T3034,C00328,R020,5000,Americano
T3034,C00328,R020,7000,Scone
T3035,C00245,R020,5000,Americano
T3035,C00245,R020,7000,Scone
T3036,C00842,R020,5000,Americano
T3036,C00842,R020,7000,Scone
T3037,C00887,R020,5000,Americano
T3037,C00887,R020,7000,Scone
T3038,C00164,R020,5000,Americano
T3038,C00164,R020,7000,Scone
T3039,C00235,R020,5000,Americano
T3039,C00235,R020,7000,Scone
T3040,C00533,R020,5000,Americano
T3040,C00533,R020,7000,Scone
T3041,C00283,R020,5000,Americano
T3041,C00283,R020,7000,Scone
T3042,C00651,R020,5000,Americano
T3042,C00651,R020,7000,Scone
T3043,C00906,R020,5000,Americano
T3043,C00906,R020,7000,Scone
T3044,C00499,R020,5000,Americano
T3044,C00499,R020,7000,Scone
T3045,C00024,R020,5000,Americano
T3045,C00024,R020,7000,Scone
T3046,C00862,R020,5000,Americano
T3046,C00862,R020,7000,Scone
T3047,C00044,R020,5000,Americano
T3047,C00044,R020,7000,Scone
T3048,C00098,R020,5000,Americano
T3048,C00098,R020,7000,Scone
T3049,C00973,R020,5000,Americano
T3049,C00973,R020,7000,Scone
T3050,C00711,R020,5000,Americano
T3050,C00711,R020,7000,Scone
T3051,C00319,R020,5000,Americano
T3051,C00319,R020,7000,Scone
T3052,C00670,R020,5000,Americano
T3052,C00670,R020,7000,Scone
T3053,C00762,R020,5000,Americano
T3053,C00762,R020,7000,Scone
T3054,C00732,R020,5000,Americano
T3054,C00732,R020,7000,Scone
T3055,C00374,R020,5000,Americano
T3055,C00374,R020,7000,Scone
T3056,C00935,R020,5000,Americano
T3056,C00935,R020,7000,Scone
T3057,C00911,R020,5000,Americano
T3057,C00911,R020,7000,Scone
T3058,C00557,R020,5000,Americano
T3058,C00557,R020,7000,Scone
T3059,C00108,R020,5000,Americano
T3059,C00108,R020,7000,Scone
T3060,C00432,R020,5000,Americano
T3060,C00432,R020,7000,Scone
T3061,C00036,R020,5000,Americano
T3061,C00036,R020,7000,Scone
T3062,C00116,R020,5000,Americano
T3062,C00116,R020,7000,Scone
T3063,C00048,R020,5000,Americano
T3063,C00048,R020,7000,Scone
T3064,C00968,R020,5000,Americano
T3064,C00968,R020,7000,Scone
T3065,C00297,R020,5000,Americano
T3065,C00297,R020,7000,Scone
T3066,C00702,R020,5000,Americano
T3066,C00702,R020,7000,Scone
T3067,C00714,R020,5000,Americano
T3067,C00714,R020,7000,Scone
T3068,C00561,R020,5000,Americano
T3068,C00561,R020,7000,Scone
T3069,C00699,R020,5000,Americano
T3069,C00699,R020,7000,Scone
T3070,C00155,R020,5000,Americano
T3070,C00155,R020,7000,Scone
T3071,C00008,R020,5000,Americano
T3071,C00008,R020,7000,Scone
T3072,C00527,R020,5000,Americano
T3072,C00527,R020,7000,Scone
T3073,C00681,R020,5000,Americano
T3073,C00681,R020,7000,Scone
T3074,C00668,R020,5000,Americano
T3074,C00668,R020,7000,Scone
T3075,C00815,R020,5000,Americano
T3075,C00815,R020,7000,Scone
T3076,C00536,R020,5000,Americano
T3076,C00536,R020,7000,Scone
T3077,C00950,R020,5000,Americano
T3077,C00950,R020,7000,Scone
T3078,C00551,R020,5000,Americano
T3078,C00551,R020,7000,Scone
T3079,C00138,R020,5000,Americano
T3079,C00138,R020,7000,Scone
T3080,C00973,R020,5000,Americano
T3080,C00973,R020,7000,Scone
T3081,C00499,R020,5000,Americano
T3081,C00499,R020,7000,Scone
T3082,C00440,R020,5000,Americano
T3082,C00440,R020,7000,Scone
T3083,C00873,R020,5000,Americano
T3083,C00873,R020,7000,Scone
T3084,C00769,R020,5000,Americano
T3084,C00769,R020,7000,Scone
T3085,C00641,R020,5000,Americano
T3085,C00641,R020,7000,Scone
T3086,C00811,R020,5000,Americano
T3086,C00811,R020,7000,Scone
T3087,C00376,R020,5000,Americano
T3087,C00376,R020,7000,Scone
T3088,C00279,R020,5000,Americano
T3088,C00279,R020,7000,Scone
T3089,C00448,R020,5000,Americano
T3089,C00448,R020,7000,Scone
T3090,C00106,R020,5000,Americano
T3090,C00106,R020,7000,Scone
T3091,C00743,R020,5000,Americano
T3091,C00743,R020,7000,Scone
T3092,C00995,R020,5000,Americano
T3092,C00995,R020,7000,Scone
T3093,C00123,R020,5000,Americano
T3093,C00123,R020,7000,Scone
T3094,C00829,R020,5000,Americano
T3094,C00829,R020,7000,Scone
T3095,C00943,R020,5000,Americano
T3095,C00943,R020,7000,Scone
T3096,C00869,R020,5000,Americano
T3096,C00869,R020,7000,Scone
T3097,C00380,R020,5000,Americano
T3097,C00380,R020,7000,Scone
T3098,C00727,R020,5000,Americano
T3098,C00727,R020,7000,Scone
T3099,C00917,R020,5000,Americano
T3099,C00917,R020,7000,Scone
T3100,C00946,R020,5000,Americano
T3100,C00946,R020,7000,Scone
T3101,C00587,R020,5000,Americano
T3101,C00587,R020,7000,Scone
T3102,C00267,R020,5000,Americano
T3102,C00267,R020,7000,Scone
T3103,C00818,R020,5000,Americano
T3103,C00818,R020,7000,Scone
T3104,C00477,R020,5000,Americano
T3104,C00477,R020,7000,Scone
T3105,C00773,R020,5000,Americano
T3105,C00773,R020,7000,Scone
T3106,C00239,R020,5000,Americano
T3106,C00239,R020,7000,Scone
T3107,C00452,R020,5000,Americano
T3107,C00452,R020,7000,Scone
T3108,C00371,R020,5000,Americano
T3108,C00371,R020,7000,Scone
T3109,C00135,R020,5000,Americano
T3109,C00135,R020,7000,Scone
T3110,C00612,R020,5000,Americano
T3110,C00612,R020,7000,Scone
T3111,C00152,R020,5000,Americano
T3111,C00152,R020,7000,Scone
T3112,C00572,R020,5000,Americano
T3112,C00572,R020,7000,Scone
T3113,C00520,R020,5000,Americano
T3113,C00520,R020,7000,Scone
T3114,C00686,R020,5000,Americano
T3114,C00686,R020,7000,Scone
T3115,C00515,R020,5000,Americano
T3115,C00515,R020,7000,Scone
T3116,C00510,R020,5000,Americano
T3116,C00510,R020,7000,Scone
T3117,C00161,R020,5000,Americano
T3117,C00161,R020,7000,Scone
T3118,C00479,R020,5000,Americano
T3118,C00479,R020,7000,Scone
T3119,C00873,R020,5000,Americano
T3119,C00873,R020,7000,Scone
T3120,C00800,R020,5000,Americano
T3120,C00800,R020,7000,Scone
T3121,C00908,R020,5000,Americano
T3121,C00908,R020,7000,Scone
T3122,C00696,R020,5000,Americano
T3122,C00696,R020,7000,Scone
T3123,C00327,R020,5000,Americano
T3123,C00327,R020,7000,Scone
T3124,C00031,R020,5000,Americano
T3124,C00031,R020,7000,Scone
T3125,C00831,R020,5000,Americano
T3125,C00831,R020,7000,Scone
T3126,C00964,R020,5000,Americano
T3126,C00964,R020,7000,Scone
T3127,C00404,R020,5000,Americano
T3127,C00404,R020,7000,Scone
T3128,C00214,R020,5000,Americano
T3128,C00214,R020,7000,Scone
T3129,C00163,R020,5000,Americano
T3129,C00163,R020,7000,Scone
T3130,C00324,R020,5000,Americano
T3130,C00324,R020,7000,Scone
T3131,C00716,R020,5000,Americano
T3131,C00716,R020,7000,Scone
T3132,C00723,R020,5000,Americano
T3132,C00723,R020,7000,Scone
T3133,C00579,R020,5000,Americano
T3133,C00579,R020,7000,Scone
T3134,C00717,R020,5000,Americano
T3134,C00717,R020,7000,Scone
T3135,C00778,R020,5000,Americano
T3135,C00778,R020,7000,Scone
T3136,C00581,R020,5000,Americano
T3136,C00581,R020,7000,Scone
T3137,C00144,R020,5000,Americano
T3137,C00144,R020,7000,Scone
T3138,C00463,R020,5000,Americano
T3138,C00463,R020,7000,Scone
T3139,C00297,R020,5000,Americano
T3139,C00297,R020,7000,Scone
T3140,C00751,R020,5000,Americano
T3140,C00751,R020,7000,Scone
T3141,C00437,R020,5000,Americano
T3141,C00437,R020,7000,Scone
T3142,C00134,R020,5000,Americano
T3142,C00134,R020,7000,Scone
T3143,C00162,R020,5000,Americano
T3143,C00162,R020,7000,Scone
T3144,C00639,R020,5000,Americano
T3144,C00639,R020,7000,Scone
T3145,C00713,R020,5000,Americano
T3145,C00713,R020,7000,Scone
T3146,C00320,R020,5000,Americano
T3146,C00320,R020,7000,Scone
T3147,C00338,R020,5000,Americano
T3147,C00338,R020,7000,Scone
T3148,C00425,R020,5000,Americano
T3148,C00425,R020,7000,Scone
T3149,C00535,R020,5000,Americano
T3149,C00535,R020,7000,Scone
T3150,C00687,R020,5000,Americano
T3150,C00687,R020,7000,Scone
T3151,C00965,R020,5000,Americano
T3151,C00965,R020,7000,Scone
T3152,C00517,R020,5000,Americano
T3152,C00517,R020,7000,Scone
T3153,C00390,R020,5000,Americano
T3153,C00390,R020,7000,Scone
T3154,C00739,R020,5000,Americano
T3154,C00739,R020,7000,Scone
T3155,C00328,R020,5000,Americano
T3155,C00328,R020,7000,Scone
T3156,C00896,R020,5000,Americano
T3156,C00896,R020,7000,Scone
T3157,C00718,R020,5000,Americano
T3157,C00718,R020,7000,Scone
T3158,C00008,R020,5000,Americano
T3158,C00008,R020,7000,Scone
T3159,C00292,R020,5000,Americano
T3159,C00292,R020,7000,Scone
T3160,C00247,R020,5000,Americano
T3160,C00247,R020,7000,Scone
T3161,C00496,R020,5000,Americano
T3161,C00496,R020,7000,Scone
T3162,C00551,R020,5000,Americano
T3162,C00551,R020,7000,Scone
T3163,C00618,R020,5000,Americano
T3163,C00618,R020,7000,Scone
T3164,C00812,R020,5000,Americano
T3164,C00812,R020,7000,Scone
T3165,C00166,R020,5000,Americano
T3165,C00166,R020,7000,Scone
T3166,C00006,R020,5000,Americano
T3166,C00006,R020,7000,Scone
T3167,C00132,R020,5000,Americano
T3167,C00132,R020,7000,Scone
T3168,C00529,R020,5000,Americano
T3168,C00529,R020,7000,Scone
T3169,C00749,R020,5000,Americano
T3169,C00749,R020,7000,Scone
T3170,C00579,R020,5000,Americano
T3170,C00579,R020,7000,Scone
T3171,C00458,R020,5000,Americano
T3171,C00458,R020,7000,Scone
T3172,C00302,R020,5000,Americano
T3172,C00302,R020,7000,Scone
T3173,C00865,R020,5000,Americano
T3173,C00865,R020,7000,Scone
T3174,C00962,R020,5000,Americano
T3174,C00962,R020,7000,Scone
T3175,C00437,R020,5000,Americano
T3175,C00437,R020,7000,Scone
T3176,C00910,R020,5000,Americano
T3176,C00910,R020,7000,Scone
T3177,C00676,R020,5000,Americano
T3177,C00676,R020,7000,Scone
T3178,C00106,R020,5000,Americano
T3178,C00106,R020,7000,Scone
T3179,C00498,R020,5000,Americano
T3179,C00498,R020,7000,Scone
T3180,C00918,R020,5000,Americano
T3180,C00918,R020,7000,Scone
T3181,C00879,R020,5000,Americano
T3181,C00879,R020,7000,Scone
T3182,C00178,R020,5000,Americano
T3182,C00178,R020,7000,Scone
T3183,C00740,R020,5000,Americano
T3183,C00740,R020,7000,Scone
T3184,C00509,R020,5000,Americano
T3184,C00509,R020,7000,Scone
T3185,C00436,R020,5000,Americano
T3185,C00436,R020,7000,Scone
T3186,C00204,R020,5000,Americano
T3186,C00204,R020,7000,Scone
T3187,C00053,R020,5000,Americano
T3187,C00053,R020,7000,Scone
T3188,C00390,R020,5000,Americano
T3188,C00390,R020,7000,Scone
T3189,C00302,R020,5000,Americano
T3189,C00302,R020,7000,Scone
T3190,C00518,R020,5000,Americano
T3190,C00518,R020,7000,Scone
T3191,C00810,R020,5000,Americano
T3191,C00810,R020,7000,Scone
T3192,C00289,R020,5000,Americano
T3192,C00289,R020,7000,Scone
T3193,C00085,R020,5000,Americano
T3193,C00085,R020,7000,Scone
T3194,C00569,R020,5000,Americano
T3194,C00569,R020,7000,Scone
T3195,C00780,R020,5000,Americano
T3195,C00780,R020,7000,Scone
T3196,C00500,R020,5000,Americano
T3196,C00500,R020,7000,Scone
T3197,C00206,R020,5000,Americano
T3197,C00206,R020,7000,Scone
T3198,C00652,R020,5000,Americano
T3198,C00652,R020,7000,Scone
T3199,C00704,R020,5000,Americano
T3199,C00704,R020,7000,Scone
T3200,C00591,R020,5000,Americano
T3200,C00591,R020,7000,Scone
T3201,C00784,R020,5000,Americano
T3201,C00784,R020,7000,Scone
T3202,C00703,R020,5000,Americano
T3202,C00703,R020,7000,Scone
T3203,C00947,R020,5000,Americano
T3203,C00947,R020,7000,Scone
T3204,C00336,R020,5000,Americano
T3204,C00336,R020,7000,Scone
T3205,C00139,R020,5000,Americano
T3205,C00139,R020,7000,Scone
T3206,C00356,R020,5000,Americano
T3206,C00356,R020,7000,Scone
T3207,C00567,R020,5000,Americano
T3207,C00567,R020,7000,Scone
T3208,C00231,R020,5000,Americano
T3208,C00231,R020,7000,Scone
T3209,C00236,R020,5000,Americano
T3209,C00236,R020,7000,Scone
T3210,C00969,R020,5000,Americano
T3210,C00969,R020,7000,Scone
T3211,C00371,R020,5000,Americano
T3211,C00371,R020,7000,Scone
T3212,C00717,R020,5000,Americano
T3212,C00717,R020,7000,Scone
T3213,C00007,R020,5000,Americano
T3213,C00007,R020,7000,Scone
T3214,C00564,R020,5000,Americano
T3214,C00564,R020,7000,Scone
T3215,C00442,R020,5000,Americano
T3215,C00442,R020,7000,Scone
T3216,C00310,R020,5000,Americano
T3216,C00310,R020,7000,Scone
T3217,C00559,R020,5000,Americano
T3217,C00559,R020,7000,Scone
T3218,C00336,R020,5000,Americano
T3218,C00336,R020,7000,Scone
T3219,C00282,R020,5000,Americano
T3219,C00282,R020,7000,Scone
T3220,C00423,R020,5000,Americano
T3220,C00423,R020,7000,Scone
T3221,C00603,R020,5000,Americano
T3221,C00603,R020,7000,Scone
T3222,C00756,R020,5000,Americano
T3222,C00756,R020,7000,Scone
T3223,C00289,R020,5000,Americano
T3223,C00289,R020,7000,Scone
T3224,C00163,R020,5000,Americano
T3224,C00163,R020,7000,Scone
T3225,C00696,R020,5000,Americano
T3225,C00696,R020,7000,Scone
T3226,C00016,R020,5000,Americano
T3226,C00016,R020,7000,Scone
T3227,C00695,R020,5000,Americano
T3227,C00695,R020,7000,Scone
T3228,C00396,R020,5000,Americano
T3228,C00396,R020,7000,Scone
T3229,C00020,R020,5000,Americano
T3229,C00020,R020,7000,Scone
T3230,C00348,R020,5000,Americano
T3230,C00348,R020,7000,Scone
T3231,C00991,R020,5000,Americano
T3231,C00991,R020,7000,Scone
T3232,C00527,R020,5000,Americano
T3232,C00527,R020,7000,Scone
T3233,C00112,R020,5000,Americano
T3233,C00112,R020,7000,Scone
T3234,C00582,R020,5000,Americano
T3234,C00582,R020,7000,Scone
T3235,C00925,R020,5000,Americano
T3235,C00925,R020,7000,Scone
T3236,C00292,R020,5000,Americano
T3236,C00292,R020,7000,Scone
T3237,C00050,R020,5000,Americano
T3237,C00050,R020,7000,Scone
T3238,C00531,R020,5000,Americano
T3238,C00531,R020,7000,Scone
T3239,C00463,R020,5000,Americano
T3239,C00463,R020,7000,Scone
T3240,C00836,R020,5000,Americano
T3240,C00836,R020,7000,Scone
T3241,C00173,R020,5000,Americano
T3241,C00173,R020,7000,Scone
T3242,C00028,R020,5000,Americano
T3242,C00028,R020,7000,Scone
T3243,C00634,R020,5000,Americano
T3243,C00634,R020,7000,Scone
T3244,C00879,R020,5000,Americano
T3244,C00879,R020,7000,Scone
T3245,C00731,R020,5000,Americano
T3245,C00731,R020,7000,Scone
T3246,C00843,R020,5000,Americano
T3246,C00843,R020,7000,Scone
T3247,C00919,R020,5000,Americano
T3247,C00919,R020,7000,Scone
T3248,C00465,R020,5000,Americano
T3248,C00465,R020,7000,Scone
T3249,C00787,R020,5000,Americano
T3249,C00787,R020,7000,Scone
T3250,C00017,R020,5000,Americano
T3250,C00017,R020,7000,Scone
T3251,C00871,R020,5000,Americano
T3251,C00871,R020,7000,Scone
T3252,C00557,R020,5000,Americano
T3252,C00557,R020,7000,Scone
T3253,C00391,R020,5000,Americano
T3253,C00391,R020,7000,Scone
T3254,C00816,R020,5000,Americano
T3254,C00816,R020,7000,Scone
T3255,C00581,R020,5000,Americano
T3255,C00581,R020,7000,Scone
T3256,C00620,R020,5000,Americano
T3256,C00620,R020,7000,Scone
T3257,C00958,R020,5000,Americano
T3257,C00958,R020,7000,Scone
T3258,C00838,R020,5000,Americano
T3258,C00838,R020,7000,Scone
T3259,C00230,R020,5000,Americano
T3259,C00230,R020,7000,Scone
T3260,C00769,R020,5000,Americano
T3260,C00769,R020,7000,Scone
T3261,C00825,R020,5000,Americano
T3261,C00825,R020,7000,Scone
T3262,C00748,R020,5000,Americano
T3262,C00748,R020,7000,Scone
T3263,C00235,R020,5000,Americano
T3263,C00235,R020,7000,Scone
T3264,C00084,R020,5000,Americano
T3264,C00084,R020,7000,Scone
T3265,C00641,R020,5000,Americano
T3265,C00641,R020,7000,Scone
T3266,C00322,R020,5000,Americano
T3266,C00322,R020,7000,Scone
T3267,C00028,R020,5000,Americano
T3267,C00028,R020,7000,Scone
T3268,C00141,R020,5000,Americano
T3268,C00141,R020,7000,Scone
T3269,C00133,R020,5000,Americano
T3269,C00133,R020,7000,Scone
T3270,C00098,R020,5000,Americano
T3270,C00098,R020,7000,Scone
T3271,C00346,R020,5000,Americano
T3271,C00346,R020,7000,Scone
T3272,C00593,R020,5000,Americano
T3272,C00593,R020,7000,Scone
T3273,C00489,R020,5000,Americano
T3273,C00489,R020,7000,Scone
T3274,C00043,R020,5000,Americano
T3274,C00043,R020,7000,Scone
T3275,C00019,R020,5000,Americano
T3275,C00019,R020,7000,Scone
T3276,C00698,R020,5000,Americano
T3276,C00698,R020,7000,Scone
T3277,C00326,R020,5000,Americano
T3277,C00326,R020,7000,Scone
T3278,C00381,R020,5000,Americano
T3278,C00381,R020,7000,Scone
T3279,C00062,R020,5000,Americano
T3279,C00062,R020,7000,Scone
T3280,C00521,R020,5000,Americano
T3280,C00521,R020,7000,Scone
T3281,C00927,R020,5000,Americano
T3281,C00927,R020,7000,Scone
T3282,C00677,R020,5000,Americano
T3282,C00677,R020,7000,Scone
T3283,C00088,R020,5000,Americano
T3283,C00088,R020,7000,Scone
T3284,C00901,R020,5000,Americano
T3284,C00901,R020,7000,Scone
T3285,C00602,R020,5000,Americano
T3285,C00602,R020,7000,Scone
T3286,C00378,R020,5000,Americano
T3286,C00378,R020,7000,Scone
T3287,C00864,R020,5000,Americano
T3287,C00864,R020,7000,Scone
T3288,C00844,R020,5000,Americano
T3288,C00844,R020,7000,Scone
T3289,C00216,R020,5000,Americano
T3289,C00216,R020,7000,Scone
T3290,C00090,R020,5000,Americano
T3290,C00090,R020,7000,Scone
T3291,C00396,R020,5000,Americano
T3291,C00396,R020,7000,Scone
T3292,C00501,R020,5000,Americano
T3292,C00501,R020,7000,Scone
T3293,C00199,R020,5000,Americano
T3293,C00199,R020,7000,Scone
T3294,C00334,R020,5000,Americano
T3294,C00334,R020,7000,Scone
T3295,C00424,R020,5000,Americano
T3295,C00424,R020,7000,Scone
T3296,C00256,R020,5000,Americano
T3296,C00256,R020,7000,Scone
T3297,C00390,R020,5000,Americano
T3297,C00390,R020,7000,Scone
T3298,C00123,R020,5000,Americano
T3298,C00123,R020,7000,Scone
T3299,C00502,R020,5000,Americano
T3299,C00502,R020,7000,Scone
T3300,C00367,R020,5000,Americano
T3300,C00367,R020,7000,Scone
T3001,C00109,R020,6032,Latte
T3001,C00109,R020,4287,Muffin
T3002,C00279,R020,4658,Americano
T3002,C00279,R020,6396,Scone
T3003,C00500,R020,8365,Mocha
T3003,C00500,R020,6610,Bagel
T3004,C00175,R020,6566,Americano
T3004,C00175,R020,7732,Scone
T3005,C00254,R020,9630,Americano
T3005,C00254,R020,7315,Scone
T3006,C00378,R020,9933,Latte
T3006,C00378,R020,4218,Muffin
T3007,C00219,R020,9704,Latte
T3007,C00219,R020,4711,Muffin
T3008,C00643,R020,7114,Latte
T3008,C00643,R020,11415,Muffin
T3009,C00661,R020,8508,Americano
T3009,C00661,R020,6334,Scone
T3010,C00306,R020,8602,Mocha
T3010,C00306,R020,5873,Bagel
T3011,C00470,R020,11277,Mocha
T3011,C00470,R020,5730,Bagel
T3012,C00942,R020,10418,Latte
T3012,C00942,R020,10164,Muffin
T3013,C00062,R020,7730,Cappuccino
T3013,C00062,R020,9091,Croissant
T3014,C00271,R020,5505,Mocha
T3014,C00271,R020,5176,Bagel
T3015,C00052,R020,4498,Mocha
T3015,C00052,R020,10539,Bagel
T3016,C00250,R020,9593,Cappuccino
T3016,C00250,R020,7743,Croissant
T3017,C00904,R020,8512,Latte
T3017,C00904,R020,9237,Muffin
T3018,C00597,R020,6787,Americano
T3018,C00597,R020,7103,Scone
T3019,C00145,R020,5180,Mocha
T3019,C00145,R020,4585,Bagel
T3020,C00280,R020,7732,Latte
T3020,C00280,R020,8053,Muffin
T3021,C00958,R020,10805,Cappuccino
T3021,C00958,R020,7887,Croissant
T3022,C00335,R020,11255,Americano
T3022,C00335,R020,9766,Scone
T3023,C00784,R020,10049,Cappuccino
T3023,C00784,R020,6734,Croissant
T3024,C00350,R020,11281,Mocha
T3024,C00350,R020,7670,Bagel
T3025,C00726,R020,9674,Mocha
T3025,C00726,R020,8111,Bagel
T3026,C00350,R020,11126,Cappuccino
T3026,C00350,R020,9072,Croissant
T3027,C00529,R020,8898,Latte
T3027,C00529,R020,10107,Muffin
T3028,C00399,R020,10079,Latte
T3028,C00399,R020,4328,Muffin
T3029,C00393,R020,5347,Mocha
T3029,C00393,R020,10753,Bagel
T3030,C00654,R020,5640,Mocha
T3030,C00654,R020,11294,Bagel
T3031,C00572,R020,5431,Cappuccino
T3031,C00572,R020,11811,Croissant
T3032,C00702,R020,7053,Americano
T3032,C00702,R020,4256,Scone
T3033,C00324,R020,7191,Americano
T3033,C00324,R020,4558,Scone
T3034,C00170,R020,8655,Cappuccino
T3034,C00170,R020,5699,Croissant
T3035,C00287,R020,11317,Latte
T3035,C00287,R020,9335,Muffin
T3036,C00632,R020,9517,Americano
T3036,C00632,R020,9374,Scone
T3037,C00633,R020,8797,Cappuccino
T3037,C00633,R020,8145,Croissant
T3038,C00107,R020,10745,Latte
T3038,C00107,R020,7150,Muffin
T3039,C00246,R020,5754,Mocha
T3039,C00246,R020,4970,Bagel
T3040,C00521,R020,5186,Latte
T3040,C00521,R020,6023,Muffin
T3041,C00276,R020,6740,Americano
T3041,C00276,R020,7490,Scone
T3042,C00896,R020,7369,Cappuccino
T3042,C00896,R020,4623,Croissant
T3043,C00861,R020,7178,Cappuccino
T3043,C00861,R020,9141,Croissant
T3044,C00822,R020,10430,Latte
T3044,C00822,R020,5620,Muffin
T3045,C00739,R020,7111,Cappuccino
T3045,C00739,R020,7359,Croissant
T3046,C00778,R020,4406,Mocha
T3046,C00778,R020,7847,Bagel
T3047,C00310,R020,11491,Cappuccino
T3047,C00310,R020,7966,Croissant
T3048,C00996,R020,10187,Americano
T3048,C00996,R020,7298,Scone
T3049,C00632,R020,5587,Mocha
T3049,C00632,R020,9389,Bagel
T3050,C00440,R020,7934,Cappuccino
T3050,C00440,R020,11272,Croissant
T3051,C00062,R020,4160,Americano
T3051,C00062,R020,10689,Scone
T3052,C00112,R020,11703,Mocha
T3052,C00112,R020,6606,Bagel
T3053,C00331,R020,8882,Cappuccino
T3053,C00331,R020,7723,Croissant
T3054,C00738,R020,11684,Latte
T3054,C00738,R020,7585,Muffin
T3055,C00013,R020,7235,Americano
T3055,C00013,R020,6438,Scone
T3056,C00358,R020,4685,Mocha
T3056,C00358,R020,5209,Bagel
T3057,C00081,R020,7567,Cappuccino
T3057,C00081,R020,9668,Croissant
T3058,C00053,R020,4386,Americano
T3058,C00053,R020,5589,Scone
T3059,C00334,R020,5338,Cappuccino
T3059,C00334,R020,9667,Croissant
T3060,C00616,R020,8798,Mocha
T3060,C00616,R020,11732,Bagel
T3061,C00578,R020,8393,Mocha
T3061,C00578,R020,4952,Bagel
T3062,C00740,R020,11645,Cappuccino
T3062,C00740,R020,10620,Croissant
T3063,C00517,R020,8341,Latte
T3063,C00517,R020,4989,Muffin
T3064,C00029,R020,7813,Latte
T3064,C00029,R020,11111,Muffin
T3065,C00920,R020,9587,Americano
T3065,C00920,R020,4591,Scone
T3066,C00497,R020,9721,Latte
T3066,C00497,R020,7783,Muffin
T3067,C00773,R020,6195,Cappuccino
T3067,C00773,R020,7878,Croissant
T3068,C00986,R020,10545,Americano
T3068,C00986,R020,11337,Scone
T3069,C00059,R020,8432,Latte
T3069,C00059,R020,11553,Muffin
T3070,C00128,R020,7742,Americano
T3070,C00128,R020,7093,Scone
T3071,C00254,R020,6308,Latte
T3071,C00254,R020,9997,Muffin
T3072,C00613,R020,4049,Mocha
T3072,C00613,R020,9096,Bagel
T3073,C00825,R020,11685,Latte
T3073,C00825,R020,5918,Muffin
T3074,C00093,R020,8722,Latte
T3074,C00093,R020,11130,Muffin
T3075,C00139,R020,9937,Mocha
T3075,C00139,R020,10366,Bagel
T3076,C00842,R020,8295,Cappuccino
T3076,C00842,R020,4350,Croissant
T3077,C00764,R020,11102,Cappuccino
T3077,C00764,R020,11000,Croissant
T3078,C00915,R020,6737,Americano
T3078,C00915,R020,8226,Scone
T3079,C00673,R020,7456,Americano
T3079,C00673,R020,10879,Scone
T3080,C00992,R020,11197,Mocha
T3080,C00992,R020,11458,Bagel
T3081,C00326,R020,7649,Cappuccino
T3081,C00326,R020,5200,Croissant
T3082,C00609,R020,11561,Mocha
T3082,C00609,R020,4515,Bagel
T3083,C00444,R020,9279,Latte
T3083,C00444,R020,6578,Muffin
T3084,C00608,R020,11684,Latte
T3084,C00608,R020,10778,Muffin
T3085,C00644,R020,5012,Cappuccino
T3085,C00644,R020,4181,Croissant
T3086,C00677,R020,9547,Mocha
T3086,C00677,R020,5219,Bagel
T3087,C00668,R020,5142,Latte
T3087,C00668,R020,8068,Muffin
T3088,C00739,R020,10619,Latte
T3088,C00739,R020,8021,Muffin
T3089,C00548,R020,11447,Americano
T3089,C00548,R020,10919,Scone
T3090,C00524,R020,10728,Latte
T3090,C00524,R020,8849,Muffin
T3091,C00485,R020,10396,Latte
T3091,C00485,R020,6689,Muffin
T3092,C00072,R020,8907,Cappuccino
T3092,C00072,R020,8708,Croissant
T3093,C00022,R020,5918,Latte
T3093,C00022,R020,4922,Muffin
T3094,C00270,R020,11497,Mocha
T3094,C00270,R020,7354,Bagel
T3095,C00815,R020,5284,Cappuccino
T3095,C00815,R020,8487,Croissant
T3096,C00743,R020,5334,Mocha
T3096,C00743,R020,9685,Bagel
T3097,C00399,R020,11231,Americano
T3097,C00399,R020,8278,Scone
T3098,C00711,R020,5330,Cappuccino
T3098,C00711,R020,9466,Croissant
T3099,C00911,R020,9200,Latte
T3099,C00911,R020,7046,Muffin
T3100,C00650,R020,10113,Mocha
T3100,C00650,R020,9851,Bagel
T3101,C00521,R020,5690,Mocha
T3101,C00521,R020,10998,Bagel
T3102,C00679,R020,6976,Americano
T3102,C00679,R020,4025,Scone
T3103,C00490,R020,7817,Mocha
T3103,C00490,R020,8764,Bagel
T3104,C00860,R020,10079,Mocha
T3104,C00860,R020,5100,Bagel
T3105,C00767,R020,8760,Americano
T3105,C00767,R020,6469,Scone
T3106,C00669,R020,10319,Latte
T3106,C00669,R020,11964,Muffin
T3107,C00141,R020,5918,Americano
T3107,C00141,R020,5797,Scone
T3108,C00110,R020,9450,Cappuccino
T3108,C00110,R020,10189,Croissant
T3109,C00685,R020,10543,Americano
T3109,C00685,R020,9533,Scone
T3110,C00207,R020,5649,Mocha
T3110,C00207,R020,10502,Bagel
T3111,C00014,R020,8011,Americano
T3111,C00014,R020,11267,Scone
T3112,C00019,R020,4520,Americano
T3112,C00019,R020,7587,Scone
T3113,C00499,R020,7385,Cappuccino
T3113,C00499,R020,8879,Croissant
T3114,C00466,R020,4483,Americano
T3114,C00466,R020,4066,Scone
T3115,C00125,R020,9537,Americano
T3115,C00125,R020,9590,Scone
T3116,C00655,R020,5758,Mocha
T3116,C00655,R020,9392,Bagel
T3117,C00209,R020,9668,Americano
T3117,C00209,R020,7313,Scone
T3118,C00273,R020,5713,Mocha
T3118,C00273,R020,9631,Bagel
T3119,C00470,R020,11989,Latte
T3119,C00470,R020,7609,Muffin
T3120,C00600,R020,5492,Mocha
T3120,C00600,R020,10742,Bagel
T3121,C00128,R020,10960,Mocha
T3121,C00128,R020,7078,Bagel
T3122,C00345,R020,11776,Americano
T3122,C00345,R020,6653,Scone
T3123,C00341,R020,9939,Latte
T3123,C00341,R020,5018,Muffin
T3124,C00331,R020,10915,Cappuccino
T3124,C00331,R020,4668,Croissant
T3125,C00516,R020,6234,Latte
T3125,C00516,R020,6517,Muffin
T3126,C00490,R020,4488,Americano
T3126,C00490,R020,6845,Scone
T3127,C00738,R020,6347,Cappuccino
T3127,C00738,R020,4706,Croissant
T3128,C00191,R020,11324,Latte
T3128,C00191,R020,4967,Muffin
T3129,C00019,R020,9784,Latte
T3129,C00019,R020,4788,Muffin
T3130,C00414,R020,6282,Latte
T3130,C00414,R020,4145,Muffin
T3131,C00559,R020,6917,Latte
T3131,C00559,R020,8427,Muffin
T3132,C00309,R020,7673,Cappuccino
T3132,C00309,R020,6510,Croissant
T3133,C00369,R020,6765,Americano
T3133,C00369,R020,9205,Scone
T3134,C00148,R020,4646,Americano
T3134,C00148,R020,7628,Scone
T3135,C00198,R020,5152,Mocha
T3135,C00198,R020,4545,Bagel
T3136,C00825,R020,9636,Cappuccino
T3136,C00825,R020,9063,Croissant
T3137,C00035,R020,7313,Cappuccino
T3137,C00035,R020,10210,Croissant
T3138,C00239,R020,5477,Americano
T3138,C00239,R020,11243,Scone
T3139,C00380,R020,5719,Americano
T3139,C00380,R020,9936,Scone
T3140,C00228,R020,4227,Americano
T3140,C00228,R020,11957,Scone
T3141,C00381,R020,7526,Latte
T3141,C00381,R020,5363,Muffin
T3142,C00431,R020,7930,Cappuccino
T3142,C00431,R020,10312,Croissant
T3143,C00294,R020,5857,Americano
T3143,C00294,R020,7935,Scone
T3144,C00705,R020,9637,Americano
T3144,C00705,R020,10366,Scone
T3145,C00047,R020,7022,Latte
T3145,C00047,R020,10047,Muffin
T3146,C00124,R020,6353,Americano
T3146,C00124,R020,10944,Scone
T3147,C00724,R020,11220,Americano
T3147,C00724,R020,11779,Scone
T3148,C00145,R020,8097,Cappuccino
T3148,C00145,R020,8297,Croissant
T3149,C00548,R020,6125,Mocha
T3149,C00548,R020,10349,Bagel
T3150,C00418,R020,5388,Latte
T3150,C00418,R020,7310,Muffin
T3151,C00947,R020,7647,Latte
T3151,C00947,R020,5795,Muffin
T3152,C00173,R020,6373,Mocha
T3152,C00173,R020,10694,Bagel
T3153,C00578,R020,7912,Mocha
T3153,C00578,R020,4443,Bagel
T3154,C00837,R020,5521,Latte
T3154,C00837,R020,10352,Muffin
T3155,C00369,R020,9076,Mocha
T3155,C00369,R020,5250,Bagel
T3156,C00210,R020,9225,Americano
T3156,C00210,R020,8160,Scone
T3157,C00404,R020,7409,Cappuccino
T3157,C00404,R020,9079,Croissant
T3158,C00082,R020,7501,Latte
T3158,C00082,R020,6341,Muffin
T3159,C00197,R020,4552,Americano
T3159,C00197,R020,9608,Scone
T3160,C00813,R020,9423,Cappuccino
T3160,C00813,R020,4264,Croissant
T3161,C00072,R020,7111,Cappuccino
T3161,C00072,R020,6159,Croissant
T3162,C00276,R020,9596,Cappuccino
T3162,C00276,R020,11137,Croissant
T3163,C00561,R020,9973,Americano
T3163,C00561,R020,10430,Scone
T3164,C00216,R020,8854,Americano
T3164,C00216,R020,9910,Scone
T3165,C00940,R020,9075,Latte
T3165,C00940,R020,8130,Muffin
T3166,C00171,R020,9671,Mocha
T3166,C00171,R020,6256,Bagel
T3167,C00647,R020,10389,Mocha
T3167,C00647,R020,8972,Bagel
T3168,C00047,R020,10773,Mocha
T3168,C00047,R020,6242,Bagel
T3169,C00135,R020,4416,Mocha
T3169,C00135,R020,7813,Bagel
T3170,C00063,R020,9295,Latte
T3170,C00063,R020,5449,Muffin
T3171,C00009,R020,6121,Americano
T3171,C00009,R020,9271,Scone
T3172,C00873,R020,5872,Mocha
T3172,C00873,R020,7951,Bagel
T3173,C00146,R020,7665,Americano
T3173,C00146,R020,9371,Scone
T3174,C00656,R020,5044,Cappuccino
T3174,C00656,R020,11641,Croissant
T3175,C00567,R020,4835,Mocha
T3175,C00567,R020,8053,Bagel
T3176,C00880,R020,6281,Latte
T3176,C00880,R020,6197,Muffin
T3177,C00634,R020,10991,Latte
T3177,C00634,R020,9511,Muffin
T3178,C00638,R020,5736,Mocha
T3178,C00638,R020,6329,Bagel
T3179,C00471,R020,4313,Mocha
T3179,C00471,R020,10470,Bagel
T3180,C00779,R020,9308,Americano
T3180,C00779,R020,10651,Scone
T3181,C00513,R020,9264,Latte
T3181,C00513,R020,4407,Muffin
T3182,C00452,R020,5479,Americano
T3182,C00452,R020,4571,Scone
T3183,C00199,R020,10598,Americano
T3183,C00199,R020,11605,Scone
T3184,C00454,R020,7188,Mocha
T3184,C00454,R020,9618,Bagel
T3185,C00322,R020,8692,Cappuccino
T3185,C00322,R020,7190,Croissant
T3186,C00790,R020,6301,Cappuccino
T3186,C00790,R020,8652,Croissant
T3187,C00433,R020,6059,Cappuccino
T3187,C00433,R020,10060,Croissant
T3188,C00372,R020,10938,Latte
T3188,C00372,R020,6580,Muffin
T3189,C00081,R020,8942,Mocha
T3189,C00081,R020,11916,Bagel
T3190,C00323,R020,11312,Cappuccino
T3190,C00323,R020,6551,Croissant
T3191,C00357,R020,6167,Mocha
T3191,C00357,R020,8928,Bagel
T3192,C00039,R020,11754,Mocha
T3192,C00039,R020,5107,Bagel
T3193,C00461,R020,11786,Mocha
T3193,C00461,R020,10376,Bagel
T3194,C00190,R020,4712,Mocha
T3194,C00190,R020,5398,Bagel
T3195,C00245,R020,9917,Cappuccino
T3195,C00245,R020,5823,Croissant
T3196,C00831,R020,6648,Mocha
T3196,C00831,R020,11810,Bagel
T3197,C00706,R020,8683,Cappuccino
T3197,C00706,R020,10612,Croissant
T3198,C00376,R020,5647,Mocha
T3198,C00376,R020,6277,Bagel
T3199,C00692,R020,4328,Americano
T3199,C00692,R020,4521,Scone
T3200,C00772,R020,8332,Americano
T3200,C00772,R020,6029,Scone
T3201,C00122,R020,6195,Mocha
T3201,C00122,R020,7532,Bagel
T3202,C00398,R020,7890,Cappuccino
T3202,C00398,R020,5719,Croissant
T3203,C00940,R020,11111,Cappuccino
T3203,C00940,R020,4285,Croissant
T3204,C00305,R020,11159,Cappuccino
T3204,C00305,R020,10913,Croissant
T3205,C00857,R020,6526,Cappuccino
T3205,C00857,R020,8360,Croissant
T3206,C00622,R020,5066,Americano
T3206,C00622,R020,11339,Scone
T3207,C00525,R020,7166,Cappuccino
T3207,C00525,R020,11455,Croissant
T3208,C00990,R020,7849,Latte
T3208,C00990,R020,5632,Muffin
T3209,C00879,R020,10767,Americano
T3209,C00879,R020,8623,Scone
T3210,C00726,R020,5762,Latte
T3210,C00726,R020,6554,Muffin
T3211,C00570,R020,6690,Mocha
T3211,C00570,R020,9018,Bagel
T3212,C00986,R020,9827,Mocha
T3212,C00986,R020,4890,Bagel
T3213,C00624,R020,9519,Cappuccino
T3213,C00624,R020,4933,Croissant
T3214,C00712,R020,5135,Latte
T3214,C00712,R020,6610,Muffin
T3215,C00718,R020,10710,Cappuccino
T3215,C00718,R020,11898,Croissant
T3216,C00311,R020,10286,Cappuccino
T3216,C00311,R020,8495,Croissant
T3217,C00104,R020,6431,Latte
T3217,C00104,R020,5989,Muffin
T3218,C00684,R020,5224,Americano
T3218,C00684,R020,10490,Scone
T3219,C00617,R020,11052,Mocha
T3219,C00617,R020,7231,Bagel
T3220,C00090,R020,10075,Cappuccino
T3220,C00090,R020,8198,Croissant
T3221,C00282,R020,6206,Cappuccino
T3221,C00282,R020,8291,Croissant
T3222,C00099,R020,8578,Latte
T3222,C00099,R020,9882,Muffin
T3223,C00788,R020,8964,Cappuccino
T3223,C00788,R020,11792,Croissant
T3224,C00226,R020,6442,Cappuccino
T3224,C00226,R020,8199,Croissant
T3225,C00966,R020,7472,Cappuccino
T3225,C00966,R020,6644,Croissant
T3226,C00213,R020,6421,Latte
T3226,C00213,R020,11910,Muffin
T3227,C00315,R020,7741,Americano
T3227,C00315,R020,11844,Scone
T3228,C00831,R020,6594,Mocha
T3228,C00831,R020,4932,Bagel
T3229,C00277,R020,11483,Cappuccino
T3229,C00277,R020,11048,Croissant
T3230,C00938,R020,7574,Latte
T3230,C00938,R020,11694,Muffin
T3231,C00109,R020,7664,Mocha
T3231,C00109,R020,8255,Bagel
T3232,C00268,R020,10444,Latte
T3232,C00268,R020,8530,Muffin
T3233,C00766,R020,8913,Cappuccino
T3233,C00766,R020,9220,Croissant
T3234,C00717,R020,11835,Latte
T3234,C00717,R020,9854,Muffin
T3235,C00699,R020,5390,Americano
T3235,C00699,R020,11875,Scone
T3236,C00016,R020,11446,Mocha
T3236,C00016,R020,4791,Bagel
T3237,C00897,R020,11220,Latte
T3237,C00897,R020,11869,Muffin
T3238,C00760,R020,4454,Americano
T3238,C00760,R020,9762,Scone
T3239,C00467,R020,4597,Latte
T3239,C00467,R020,7161,Muffin
T3240,C00031,R020,5537,Cappuccino
T3240,C00031,R020,11906,Croissant
T3241,C00909,R020,10262,Americano
T3241,C00909,R020,4418,Scone
T3242,C00159,R020,5277,Cappuccino
T3242,C00159,R020,7955,Croissant
T3243,C00235,R020,10592,Latte
T3243,C00235,R020,6584,Muffin
T3244,C00211,R020,8964,Latte
T3244,C00211,R020,11949,Muffin
T3245,C00182,R020,7220,Mocha
T3245,C00182,R020,4908,Bagel
T3246,C00999,R020,9169,Cappuccino
T3246,C00999,R020,6845,Croissant
T3247,C00779,R020,11902,Latte
T3247,C00779,R020,8615,Muffin
T3248,C00510,R020,9537,Mocha
T3248,C00510,R020,7566,Bagel
T3249,C00858,R020,8317,Americano
T3249,C00858,R020,11069,Scone
T3250,C00825,R020,4570,Americano
T3250,C00825,R020,10514,Scone
T3251,C00187,R020,11550,Latte
T3251,C00187,R020,8187,Muffin
T3252,C00438,R020,6821,Cappuccino
T3252,C00438,R020,11196,Croissant
T3253,C00871,R020,8565,Latte
T3253,C00871,R020,11312,Muffin
T3254,C00785,R020,11051,Mocha
T3254,C00785,R020,6032,Bagel
T3255,C00719,R020,8100,Americano
T3255,C00719,R020,7195,Scone
T3256,C00502,R020,5089,Cappuccino
T3256,C00502,R020,10158,Croissant
T3257,C00761,R020,4535,Latte
T3257,C00761,R020,10123,Muffin
T3258,C00235,R020,10705,Americano
T3258,C00235,R020,11255,Scone
T3259,C00075,R020,7207,Latte
T3259,C00075,R020,6181,Muffin
T3260,C00053,R020,11150,Americano
T3260,C00053,R020,10934,Scone
T3261,C00363,R020,4391,Mocha
T3261,C00363,R020,9823,Bagel
T3262,C00383,R020,11776,Cappuccino
T3262,C00383,R020,6104,Croissant
T3263,C00977,R020,6663,Latte
T3263,C00977,R020,7763,Muffin
T3264,C00320,R020,6230,Americano
T3264,C00320,R020,9823,Scone
T3265,C00771,R020,9197,Cappuccino
T3265,C00771,R020,9704,Croissant
T3266,C00360,R020,9890,Latte
T3266,C00360,R020,11796,Muffin
T3267,C00880,R020,11536,Latte
T3267,C00880,R020,11557,Muffin
T3268,C00501,R020,8713,Mocha
T3268,C00501,R020,7189,Bagel
T3269,C00838,R020,8759,Americano
T3269,C00838,R020,7756,Scone
T3270,C00514,R020,9509,Mocha
T3270,C00514,R020,7007,Bagel
T3271,C00164,R020,9536,Latte
T3271,C00164,R020,4065,Muffin
T3272,C00037,R020,8772,Mocha
T3272,C00037,R020,8087,Bagel
T3273,C00809,R020,4425,Latte
T3273,C00809,R020,9653,Muffin
T3274,C00278,R020,4239,Latte
T3274,C00278,R020,9214,Muffin
T3275,C00135,R020,8222,Latte
T3275,C00135,R020,6347,Muffin
T3276,C00086,R020,4312,Mocha
T3276,C00086,R020,7165,Bagel
T3277,C00402,R020,4291,Cappuccino
T3277,C00402,R020,6895,Croissant
T3278,C00311,R020,6078,Americano
T3278,C00311,R020,4270,Scone
T3279,C00809,R020,8966,Cappuccino
T3279,C00809,R020,4820,Croissant
T3280,C00102,R020,7464,Americano
T3280,C00102,R020,7856,Scone
T3281,C00057,R020,11653,Latte
T3281,C00057,R020,10207,Muffin
T3282,C00537,R020,4121,Cappuccino
T3282,C00537,R020,6062,Croissant
T3283,C00748,R020,8919,Cappuccino
T3283,C00748,R020,11623,Croissant
T3284,C00538,R020,8105,Americano
T3284,C00538,R020,9916,Scone
T3285,C00301,R020,11469,Americano
T3285,C00301,R020,5784,Scone
T3286,C00909,R020,8649,Mocha
T3286,C00909,R020,10138,Bagel
T3287,C00309,R020,7261,Cappuccino
T3287,C00309,R020,5532,Croissant
T3288,C00937,R020,4299,Americano
T3288,C00937,R020,8611,Scone
T3289,C00024,R020,4502,Americano
T3289,C00024,R020,8389,Scone
T3290,C00510,R020,6467,Americano
T3290,C00510,R020,10052,Scone
T3291,C00313,R020,11809,Mocha
T3291,C00313,R020,5756,Bagel
T3292,C00158,R020,8818,Americano
T3292,C00158,R020,10615,Scone
T3293,C00953,R020,10215,Mocha
T3293,C00953,R020,10880,Bagel
T3294,C00566,R020,6811,Cappuccino
T3294,C00566,R020,11883,Croissant
T3295,C00275,R020,4393,Cappuccino
T3295,C00275,R020,4164,Croissant
T3296,C00354,R020,7869,Cappuccino
T3296,C00354,R020,8541,Croissant
T3297,C00413,R020,9435,Mocha
T3297,C00413,R020,10123,Bagel
T3298,C00297,R020,10497,Cappuccino
T3298,C00297,R020,4505,Croissant
T3299,C00393,R020,6963,Cappuccino
T3299,C00393,R020,8459,Croissant
T3300,C00232,R020,4345,Latte
T3300,C00232,R020,7793,Muffin
